nickname,content,ip_location,create_date_time
bh_shady,who would win wukong or nezha?,,2024-01-24 06:47:15
prince_dee17,sun wukong hits different ,,2024-01-18 01:32:10
norain556,title in English please ,,2024-01-21 03:30:41
so_saae,It's Susanoo.,,2024-01-17 10:39:34
apple.23456,movies name plssss,,2024-01-16 23:49:38
user1x8rtahpz6,What country is this?,,2024-01-18 03:40:39
zezez332,song name?,,2024-01-22 20:16:58
samuelson.89,what name of this game?,,2024-01-19 11:38:08
huangemperor0,sun is so cool man^ω^,,2024-01-18 14:39:00
user2222654873171,Can you tell me the name of the movie?,,2024-01-22 13:35:58
jeffreybik14,I haven't watch nezha 2,,2024-03-09 09:34:06
aman33941,faded jacla-remix,,2024-01-24 14:55:53
userl804,song name please ,,2024-03-24 09:24:26
akutosai64,this movie never get old ,,2024-03-13 13:47:06
shew.gu.epc,i dol this is movie name pl,,2024-03-09 04:32:09
saamad1010,name nezha,,2024-01-21 23:00:55
captainstarlet,where i can watch it all?,,2024-03-15 10:28:33
thurein.phyo55,move name name,,2024-03-09 12:46:33
bounchanhxiooj,next part 〽️,,2024-02-18 13:59:44
fromcute120,Cool ,,2024-02-22 10:06:06
user5944505593208,name,,2024-01-19 19:30:38
mink928,song name ,,2024-01-17 13:54:28
corikonjos,what can i watch this movie?,,2024-01-20 00:38:06
lonedestructor6,like Pro,,2024-01-19 09:33:45
myatbhone113,name what,,2024-04-11 11:34:27
bambam406,Movies Name pls,,2024-03-20 07:52:54
ayaanmaxamuud216,how to  this anime ♥,,2024-02-16 11:09:57
swja_anime,tutorial please,,2024-02-24 05:47:23
d_worn,what is the name of the background sound?,,2024-04-13 21:41:59
kinzangchogyel4,movie name,,2024-02-27 14:12:02
moketharmiiii,what county is this?,,2024-01-24 15:00:39
mbahsukuna8,name movie?,,2024-01-18 04:46:08
151mubii,name please,,2024-01-21 11:38:41
mingjoon1,oh,,2024-03-16 05:21:17
kemoje54,legends gods tay,,2024-02-13 12:15:19
aamiin_acj,search song name,,2024-01-20 07:22:31
mkl22011,all of the movie name pls,,2024-01-21 00:23:59
kuroyoshimato,I ever Watch this with my two twin cousin :0,,2024-01-18 07:09:23
myominn1630,dj name pls,,2024-01-27 06:51:42
lollee8,preset?,,2024-01-18 13:10:49
aishiteru681,what country is this?,,2024-01-20 04:28:03
_prime_wollf_,where I can watch this guys Ang please give me the title,,2024-02-24 22:55:22
aipaung36,I don’t like the movie but this edit is ,,2024-02-24 09:29:40
teechu_dths1tg,khúc đầu t tưởng ngao bính,,2024-01-17 10:50:56
namkyso,Tính ra ngộ không dương tien ngầu vãi còn natra hoi ngáo ,,2024-01-17 10:43:52
nonthawat_js,หงอคงคือตึง ,,2024-01-17 11:39:59
haha2k2,lục nhỉ mỹ hầu ko phải ngộ không,,2024-01-17 07:55:39
ijjang,เรื่องนาจากับหยางเจี่ยนสนุกมากกกก ภาพสวย จีนเขาทำดีจริงๆ,,2024-01-18 13:33:34
sithcholla,សុំចំណងជើងរឿងបានអត់,,2024-01-17 05:35:47
yepaingphyo5,နောက်တစ်ကားကရော name လေးပြောပြပါလား,,2024-01-17 03:40:53
kishoroy67,wukong,,2024-01-17 11:57:55
usergtsbfzwsbx,“第七魂技 武魂真身”,,2024-01-19 05:42:42
94nguyenvanthien,Phim gì vậy các bạn.nhìn đẹp mắt quá,,2024-01-17 12:27:07
onesan636,sun itu dewa apa bukan sih ??,,2024-01-17 09:01:41
_vir00y,kece bett mirpi donghua gatuuu animesi china ,,2024-01-19 10:38:14
leongleong21,孫悟空實在太帥了啦,,2024-01-16 20:40:36
usernameirv,เรื่องไรค่ะะ,,2024-01-17 10:52:36
userk6izzq6jku,有片名嘛？,,2024-01-16 12:54:46
bee862006,ပုံဆွဲထားတာလေးတွေဝင်ကြည့်ပေးပါလား,,2024-03-09 09:43:47
yennhi_zzzz,toàn susano,,2024-03-09 17:27:46
sbt855,ဘာမ မကြည့်ရသေးဘူး တစ်ကားမှ,,2024-03-09 06:32:58
user2kev3wmi0p,ngộ không với dương tiễn ngầu nhất,,2024-01-18 07:07:55
pzz.den,មើលហើយៗនឹងមើលតាមទូរទស្សន៍,,2024-01-18 10:21:56
user681020685292,တကားဆိုကိုအကြာရီးဘဲ၃ပိုင်းကြည့်pp,,2024-01-23 13:05:57
zawekoko210,ဇာတ်ကားနာမည်လေးပြောပြပါလား,,2024-01-18 05:42:31
itcbrsurat,หงอคงคือสุด,,2024-02-21 11:28:59
se7en_gametv,Xin tên phim a,,2024-01-26 00:23:00
dy7rbvsaegrq,tân thần bảng dương tiễn nhỉ,,2024-01-17 06:23:54
tairov_ali,вуконг воу ,,2024-01-20 00:46:45
lien20080905,這個我看過超好看,,2024-03-30 17:36:02
tracybabiiiii,ủa p2 hả hay 2 bộ ,,2024-01-17 12:02:16
hank0326,原神 啟動(⁎⁍̴̛ᴗ⁍̴̛⁎),,2024-01-28 00:50:49
mageicglody2,ကြည့်ပီးပီနီကျားလူပြန်ဝင်စားတဲ့ကားေလးပါတကယ်ေကာင်းပါတယ်,,2024-01-18 15:45:56
aron_766,название,,2024-01-19 10:59:15
koruba1412,susanoo,,2024-01-17 12:43:44
morning_star23_22,@Shiraume siok ben power drng punya form,,2024-01-17 12:37:40
islam_04_kg,"название трека можно
Аш мурашки от этой музыки ",,2024-01-21 18:21:56
sh_ahad046,فيلم اسم؟؟,,2024-01-17 16:00:25
stihs39,это скайлер❤️,,2024-01-20 09:48:25
fhrul_arul,gk kebayang klo ticket hero D jadi in animasi kek gni,,2024-01-18 15:35:53
nidebaobei_15,@阿白. 好帥好帥,,2024-01-19 09:56:48
zhanymizbaskhanov,как название,,2024-01-17 08:24:25
eminemdjr,น่าจะมีสักสกินเข้า ROV ,,2024-01-18 18:08:09
zorabright51,เพลงไรคะ,,2024-01-18 08:03:13
firucho_55,Сусано?,,2024-01-17 15:22:34
fahrirazar123,ada yang Jian,,2024-01-18 08:37:44
jt9w4,原作里说这叫法天象地,,2024-01-22 18:59:32
allinkonten,Judul soundnya apa bang??,,2024-01-18 13:49:12
capooboismypet,每個都有替身使者？,,2024-01-18 14:11:49
murat.olzhas,Можно название пж))),,2024-01-17 20:56:54
dennycr12,ada lubu,,2024-01-18 03:42:38
userpxkrkj16ft,有出新的？,,2024-01-18 12:41:38
ouo_5225,卡音樂,,2024-01-17 09:31:43
ng.huong.giang95,mê ngao bính,,2024-01-19 13:57:44
yesmygame99,Ngao bính nhưng thằng đằng sau là Lữ Bố hả,,2024-02-18 07:00:32
hiu_lord,"ae cho xin tên phim có ngao bính, wukong với",,2024-03-10 10:18:24
nghuy_256,natra phần 2 coi ở đâu v,,2024-02-15 11:45:29
hoangthichtaodo141,Phim này trên natra trùng sinh ma vồ,,2024-01-20 01:43:20
fovarx,wukong,,2024-01-21 13:51:01
userekpvdb1lvp,@zone._. 突然讓我想到閃電十一人,,2024-01-18 16:55:05
hoangle5329,aoi,,2024-01-19 08:38:17
liam0071,နိကျားကS2မထွက်သေးဘူးလာ,,2024-01-20 13:50:51
nguyn.huy.hong364,trộng anh khỉ ngầu quá,,2024-03-09 13:31:07
daxx.daxx6,တကားပဲကြိဖူးတယ် ကျန်တာတေ ဘယ်ကကြည့်ရမာလည်း,,2024-03-17 07:57:18
lnhq972009,khoái mấy kiểu phim như này :>,,2024-01-18 10:34:46
lin.latt.chou,အယ့်ဒါ နှစ်ကားပေါင်းထားတာ,,2024-01-18 03:19:52
yu_07_11.11,@yueee 看起來很帥欸,,2024-01-18 12:33:54
zarni21121,tg link လေးpleaseပေးပါ,,2024-03-09 07:30:28
hoai_dinh122,Tân thần bảng Dương tiễn hay vãi ò,,2024-01-17 23:14:07
myatmi81,"နီကျားလူဝင်စားတော့
သခင်ကြီးကသူ့ဆရာဖြစ်ရော",,2024-03-09 11:11:36
manazone_0,นึกถึงซูซาโนโอะ ,,2024-01-17 19:20:32
fbi_mikai,cho hỏi link nhạc?,,2024-02-15 09:40:20
ko.kos.meme.lay,နီက်ား,,2024-01-19 02:46:06
nwrgyi8,ပထမကား နံမည်လေး bro,,2024-03-09 12:47:26
d.luffy.3,a là bất diệt ,,2024-01-18 06:33:04
dinh_dinh1311,Xin tên phim ạ,,2024-01-17 20:54:55
userooty8up0v1,kim thân nhìn đỉnh vãi,,2024-01-18 08:07:48
user8761903765003,នាគស្ទាវ,,2024-02-18 10:50:43
kbbek07gmail.com,название новые боги нэжча Ян цян,,2024-02-17 16:23:28
heulamlethihue,xin tên phim như trên video,,2024-01-17 22:44:43
vitlinxao,Anh Bình Vàng:Đ,,2024-01-19 05:00:17
kokomyokokomyo798,ကြည်ချင်လို့ လင့်ချပေးပလယး,,2024-02-08 14:45:36
yeehyoae,Cái này là phần tiếp theo của na tra ma đồng đúng hong,,2024-02-04 21:56:14
dyl5hmtcx81f,الاسم بليزززز,,2024-01-19 13:46:51
_77283,စွန်းဝူခုံး ဘဲ ကြိုက်တယ်,,2024-03-09 16:00:43
n.lhsm.co,bản mệnh hồn tướng à,,2024-02-07 07:54:30
userg4113pvpp1,ร่างอวตารในเรื่องนักเตะแข้งสายฟ้า,,2024-01-18 01:33:37
son.2102005,Quả susanno này dc ,,2024-01-19 03:02:19
nizroa,ka vibe talaga ng Raksha stress nag susumon ng guardian,,2024-01-20 21:00:37
www.tiktok.comkatin47,susano đung ko,,2024-01-18 03:58:45
thanoosornklinsrisuk,อย่างสวย♥️,,2024-01-18 14:45:20
dienvo6602,Tưởng anh thế nào,,2024-01-18 04:53:23
tttgg780,ขอชื่อการ์ตูนหน่อยครับ,,2024-01-18 04:11:43
dinhcuongle4,quả chân thân thành phật của ngộ không ngầu vãi ,,2024-01-18 06:23:09
user1t44w79r3f,魔家四將那裡有一個不是,,2024-01-27 07:50:09
usernt01tgvgnj,申公豹超帥,,2024-02-03 21:20:17
3uncle._.1010,剪得真好,,2024-03-16 22:47:50
nhp11062003,làm nhớ đến bộ inazuma xem hồi nhỏ trên CN giống như linh hồn chiến đấu vậy:)),,2024-01-17 17:34:34
user2505884384825,龍王三太子好帥,,2024-03-17 11:56:38
sang_cuti2004,ngộ ngầu vãi,,2024-01-18 13:00:50
kananontima04,ต้องหาดูล้ะ ถึงจะดูไปแล้ว2-3รอบก็เถอะ แต่ช่างมัน มันสนุก!!!!!,,2024-01-18 11:17:04
alexisfernndez374,como se llama la peli,,2024-01-20 11:24:30
theguysofrangoon2,ကြည့်ပီးသွားပီ စောက်ရမ်းကြည့်လို့ကောင်းတာ,,2024-01-18 02:27:56
tienthien5565,tao ko hiểu tại sao nk phải biến thành lục nhĩ trong khi lục nhĩ còn bị nhiều thế lực nhắm vào hơn,,2024-02-04 04:04:45
4ut6fvm7,好帥啊,,2024-01-19 00:41:32
tabbybrimdauchua01,Y chang susanno lun,,2024-03-09 09:08:30
kingjunggle45,"hi I'm, yang Kai",,2024-01-19 03:26:34
thnh.raz,lĩnh thể của dương tiễn lớn vaiz,,2024-01-25 03:53:16
userekpvdb1lvp,@zone._. 突然讓我想到閃電十一人,,2024-01-18 16:55:05
khduyanhkaydz,tên phim,,2024-02-25 03:53:28
theguysofrangoon2,ကြည့်ပီးသွားပီ စောက်ရမ်းကြည့်လို့ကောင်းတာ,,2024-01-18 02:27:56
nguyn.c.duy83,Name ik bro,,2024-02-02 01:08:23
tienthien5565,tao ko hiểu tại sao nk phải biến thành lục nhĩ trong khi lục nhĩ còn bị nhiều thế lực nhắm vào hơn,,2024-02-04 04:04:45
a688865,這部是什麼,,2024-01-19 11:18:30
nghiarobloxfruirs,hoạt hình 3d 2018 2019 2020 đâu,,2024-03-11 09:39:01
tabbybrimdauchua01,Y chang susanno lun,,2024-03-09 09:08:30
na.ke35,တင်ပေးပါအုံး,,2024-03-11 16:18:53
minhphv10,natra iseka à,,2024-01-18 13:12:10
thin56104,Ngộ ngầu nhất,,2024-04-11 05:50:33
nguyn.hong.nam691,đoạn đầu nhìn giống aoi,,2024-03-11 05:41:31
tobich_1,просто бомба,,2024-01-20 02:38:54
mahid__420,son wukong ☠️,,2024-02-25 06:01:02
ajust62,超好看的啊,,2024-02-23 12:20:42
minkhantthaw3159,ကြည့်ပြီးသားမို့ တော်သေးတယ်,,2024-01-19 13:49:20
ttahnganie,meeeee,,2024-01-17 13:47:31
kik19681,ภาคต่อมารึยังอ่าาา,,2024-01-18 21:27:55
yz07160202,真的很愛看這種電影餒太帥了啦,,2024-01-18 16:18:48
myatmyat7788,sunလန်းချက်ကွာ,,2024-01-28 08:17:07
embarrassed260,ดูในโรงสนุกมากกก,,2024-01-18 00:30:42
burmeseyin,s2 လာဗျ,,2024-01-22 12:07:36
b.cr.block,phần phim của dương tiễn thấy a 3 mắt khúc cuối ngầu éc,,2024-03-19 12:35:44
user1276051739172,можна ету мулт добавит фф такие класние,,2024-02-19 03:25:07
hoangngngng,xin tên phim,,2024-02-24 01:53:47
user84954039521457,как называется,,2024-02-24 06:07:37
catajna,mấy con tôm hơi bị xinh,,2024-01-19 16:06:14
anhthu00796,đẹp quáaaa,,2024-01-17 14:55:14
thaka_again,เรื่องไรบ้างครับ,,2024-01-23 13:20:50
thuan532008,Phần mới hả,,2024-01-26 14:51:11
user1355665087316,ငါတို့က နီကျားပဲကြိုက်တာ,,2024-03-09 07:11:59
ndh_2069,mê nhất khúc tứ đại thiên vương,,2024-01-19 22:52:15
luanvankha,khúc đầu tưởng hayato:)),,2024-03-09 10:18:07
jinarjinar407,nih mah lawan nya dewa semua seperti generasi penerus dewa lh,,2024-03-11 12:14:03
kei0132,name music,,2024-01-19 04:34:11
tunaungkyaw0539,ဇတ်ကားအမည်လေ,,2024-03-09 08:02:08
yangy53,movice 2 ခုမှတ်လား နီကျားကား နဲ့ နံဖူးမျက်လုံးတစ်လုံးနတ်စစ်သူကြီး ၀ူခုံးကားထဲမှာပါတယ်,,2024-01-26 13:05:02
wick20110214,這些氏神感覺滿猛的,,2024-02-29 14:00:25
davranov_008,название как,,2024-01-19 19:00:46
mortal_6413,название?,,2024-01-19 20:02:44
ewen0110,這部好看,,2024-03-15 13:15:06
baby62279,အကုန္ၾကၫ့္ၿပီးအသစ္လာဖို႔ဘဲက်န္,,2024-01-19 05:07:46
dyndyn1008,thần tướng của Dương Tiễn đẹp nhất phim rùii,,2024-01-19 02:14:23
kim_jungoo_beat,macam susanooh,,2024-01-17 13:29:24
nikadhli,sun wukong ,,2024-01-17 13:34:25
solo.rank.choou.a,နီးကျားကပိုမိုက်တယ်pro,,2024-01-21 05:23:06
kingjunggle45,"hi I'm, yang Kai",,2024-01-19 03:26:34
thnh.raz,lĩnh thể của dương tiễn lớn vaiz,,2024-01-25 03:53:16
23365606v0d,法天象地,,2024-03-03 11:44:48
userw8351490937819,Tên nhạc là gì v,,2024-01-21 13:19:15
userekpvdb1lvp,@zone._. 突然讓我想到閃電十一人,,2024-01-18 16:55:05
noyarlon5,နီကျားကွ,,2024-02-24 02:50:33
sedgif,作者怎剪的,,2024-01-22 01:26:00
she_call_me_mg122,@ʏᴀʀᴅʟᴇʏ -vdလေး3ပုဒ်လောက်ကြည့်ပေးပါလား,,2024-01-21 13:34:23
minkhantthaw3159,ကြည့်ပြီးသားမို့ တော်သေးတယ်,,2024-01-19 13:49:20
ttahnganie,meeeee,,2024-01-17 13:47:31
wolfcoc1,ủa ra phần mới r à hay sao mà nó lạ quá,,2024-01-17 15:42:06
chyngyzborubaev20,класна,,2024-03-08 11:11:21
kik19681,ภาคต่อมารึยังอ่าาา,,2024-01-18 21:27:55
nupacachi11,Toàn hồn kỹ thứ 7 võ hồn chân thân,,2024-01-22 04:12:06
lastspider06,အနီဇလေး,,2024-01-22 10:34:28
aielay17,ဒါကနောက်ဆက်တွဲကားလေးတေလားဗျ,,2024-01-22 06:25:20
yz07160202,真的很愛看這種電影餒太帥了啦,,2024-01-18 16:18:48
myatmyat7788,sunလန်းချက်ကွာ,,2024-01-28 08:17:07
embarrassed260,ดูในโรงสนุกมากกก,,2024-01-18 00:30:42
b.cr.block,phần phim của dương tiễn thấy a 3 mắt khúc cuối ngầu éc,,2024-03-19 12:35:44
user1276051739172,можна ету мулт добавит фф такие класние,,2024-02-19 03:25:07
thuramyintmyat52,နီကျား 2,,2024-03-10 01:16:37
user09788731101,နတ်ဘုရားယန့်ကျန့်က 2မထွက်သေးဘူးလား,,2024-02-19 05:48:41
user1273676155816,ဇာတ်ကားနာမည်ပြောပြပါ,,2024-03-09 03:09:03
hoangngngng,xin tên phim,,2024-02-24 01:53:47
catajna,mấy con tôm hơi bị xinh,,2024-01-19 16:06:14
thong.tri.dream,có nu9 ko,,2024-01-18 13:01:51
ppppu0_0,เวอร์ชั่นนี้คือหล่อทุกคน,,2024-01-19 05:11:35
anhthu00796,đẹp quáaaa,,2024-01-17 14:55:14
nganhi.0602,xin tên nhạc,,2024-01-21 08:19:04
thongma2003,vẫn chưa thấy ra phần mới,,2024-01-17 22:32:19
dyprqsvy87og,ขอชื่อเพลงหน่อยคับ,,2024-01-23 14:42:20
thaka_again,เรื่องไรบ้างครับ,,2024-01-23 13:20:50
user1355665087316,ငါတို့က နီကျားပဲကြိုက်တာ,,2024-03-09 07:11:59
zayyarnyein18,nameလေးပြောပြပါလာဗျာ,,2024-01-24 08:50:34
hongbo179,xin tên phim ạ,,2024-03-09 06:33:49
ndh_2069,mê nhất khúc tứ đại thiên vương,,2024-01-19 22:52:15
g50611,xin tất cả tên phim,,2024-03-15 05:31:07
htaikehtaikesan,ကြည့်လို့ကောင်းတယ် ရှယ်မိုက်,,2024-01-19 10:07:34
cn.phm18,Ai là ng bị hại ạ  thật công tâm nha các bác ,,2024-01-17 15:04:08
luanvankha,khúc đầu tưởng hayato:)),,2024-03-09 10:18:07
kei0132,name music,,2024-01-19 04:34:11
lby.n,đẹp ngầu thêm quả nhạc uy tín,,2024-02-07 01:58:26
userda9cf27hk3,phim tên j z mn,,2024-02-12 15:55:26
davranov_008,название как,,2024-01-19 19:00:46
hunk_000,susanooo,,2024-02-10 11:18:29
user4447472516311,qá đep,,2024-02-22 09:14:41
dyvjmodbl1z5,Telegran name,,2024-03-09 07:51:26
mortal_6413,название?,,2024-01-19 20:02:44
dyndyn1008,thần tướng của Dương Tiễn đẹp nhất phim rùii,,2024-01-19 02:14:23
kingjunggle45,"hi I'm, yang Kai",,2024-01-19 03:26:34
manhtiktom,phim gì v mn,,2024-01-19 07:43:27
thnh.raz,lĩnh thể của dương tiễn lớn vaiz,,2024-01-25 03:53:16
yquang4,cho xin tên phim iiiii,,2024-01-19 09:31:33
btk8713,សុំចំណងអញ្ជើញបង។,,2024-03-09 04:36:29
typ1typ26,Name music,,2024-01-22 05:14:58
thanglosadboy,tui liên tưởng tới shusano ,,2024-03-13 09:03:30
l..m..y,sun,,2024-02-27 11:44:48
nasa.kun99,แสตนของแต่ละคน,,2024-02-24 08:43:34
d780772,이 영화 제목이 뭐죠?,,2024-03-10 06:41:12
xum.chay,phim tên gi vậy mn,,2024-02-24 00:50:24
mimyboudtavong,เรื่องอะไรหลอครับ,,2024-03-09 12:49:16
meocon.8972,phim tên gì vậy bạn cho mình sinh tên phim đi bạn ❤️,,2024-03-09 08:16:55
maivannghia67,xin tên nhạc,,2024-03-15 09:19:10
jonnyjinenez,,,2024-02-24 18:49:21
nay.one5,@TikTok Tiger,,2024-01-21 13:46:26
zerojekdhdjkejdhd,❤❤❤,,2024-03-09 18:26:04
mababeisij,,,2024-02-16 14:29:20
mababeisij,,,2024-02-16 14:29:16
mekisantos0,,,2024-03-09 13:56:38
that.barthalar,,,2024-01-18 03:18:13
fox.simon4,,,2024-03-09 13:28:32
akarkfnjxza,,,2024-03-09 12:04:14
user91493995867778,❤❤❤,,2024-03-09 11:24:29
user2820109516835,,,2024-03-16 03:24:15
kham.com7279,,,2024-04-07 00:52:32
aprilbennavarro78,❣️❣️❣️,,2024-04-02 05:49:40
aprilbennavarro78,,,2024-04-02 05:49:35
mark.glen.estor,,,2024-03-09 07:52:54
kukue7122023,,,2024-02-19 12:43:24
user1485947660857,,,2024-01-25 13:53:23
m_40284,,,2024-01-18 20:31:15
daw.aye.aye.naing4,❤❤❤,,2024-02-25 07:29:24
francis.kim.lang,,,2024-04-13 10:27:21
aungkaungpyae8779,,,2024-03-11 05:20:47
evmusic2024,,,2024-01-17 12:51:30
user8114856013323,,,2024-03-11 02:04:21
user99122958408437,,,2024-03-09 09:06:46
nikki.nikki00,,,2024-03-10 19:23:52
justine.pasinao,,,2024-04-09 12:34:40
shan.taunggyit,,,2024-03-10 12:44:00
lin.hein.htet3,,,2024-02-24 01:48:52
thi.ha9708,,,2024-03-10 08:32:54
ntxawg.thoj08,,,2024-02-24 00:49:05
thi.ha9708,,,2024-03-10 08:32:47
user88makmom,,,2024-02-21 10:24:17
noung4068,,,2024-03-21 04:03:03
user.rakhine.chou,,,2024-02-23 05:37:55
meridamerida80,,,2024-02-22 20:38:56
user2002nyinyi,,,2024-01-19 03:20:25
hicr3674,,,2024-01-17 15:38:18
sai.tai459,❤️❤️❤️,,2024-03-10 04:59:16
zhen_jhon,,,2024-04-14 00:57:22
user2698201944854,,,2024-03-27 15:06:31
user1485947660857,,,2024-01-25 13:52:07
aungkaungpyae8779,,,2024-03-11 05:20:47
evmusic2024,,,2024-01-17 12:51:30
baddiribagang,❤❤❤,,2024-03-02 03:25:25
user8114856013323,,,2024-03-11 02:04:21
user99122958408437,,,2024-03-09 09:06:46
user88makmom,,,2024-02-21 10:24:17
user143087848,,,2024-03-05 11:36:45
nikki.nikki00,,,2024-03-10 19:23:52
justine.pasinao,,,2024-04-09 12:34:40
shan.taunggyit,,,2024-03-10 12:44:00
lin.hein.htet3,,,2024-02-24 01:48:52
thi.ha9708,,,2024-03-10 08:32:54
ntxawg.thoj08,,,2024-02-24 00:49:05
thi.ha9708,,,2024-03-10 08:32:47
user81654992137196,,,2024-03-09 05:19:53
noung4068,,,2024-03-21 04:03:03
user.rakhine.chou,,,2024-02-23 05:37:55
meridamerida80,,,2024-02-22 20:38:56
user5303525531954,,,2024-01-23 14:55:07
user2002nyinyi,,,2024-01-19 03:20:25
hicr3674,,,2024-01-17 15:38:18
sai.tai459,❤️❤️❤️,,2024-03-10 04:59:16
chan.chan5061,,,2024-01-25 01:36:53
zhen_jhon,,,2024-04-14 00:57:22
minicraft7403,,,2024-04-13 01:56:01
meglovepeanut0,宇智波: 好好好都玩须佐是吧,,2024-01-18 12:28:32
60snews_,,,2024-01-20 12:42:37
_.sunwukong,,,2024-01-17 22:44:29
user1169827431484,,,2024-03-10 04:08:41
useriljftqdpc2,,,2024-01-18 13:30:48
duyduc.1310,,,2024-02-18 03:14:57
user56024286058776,❤❤❤,,2024-02-17 14:35:15
user2505884384825,♥♥,,2024-03-17 11:56:06
mcdjcxc,,,2024-01-18 09:02:31
tooj.vaj083,,,2024-02-16 06:15:27
soe.thet07,❤❤❤,,2024-02-10 03:33:59
jaotatymvlq,,,2024-04-05 02:20:15
eco137,,,2024-03-09 10:47:14
bon.tran588,,,2024-02-03 09:16:05
kapgao2,,,2024-03-09 10:33:19
iufano,,,2024-01-31 16:38:22
uoc1landcyeuthtlong,,,2024-01-17 14:19:37
exulty,❤❤❤,,2024-01-17 13:48:16
long.john.has,,,2024-04-12 11:29:59
neee279,@N BOY ZIN,,2024-01-17 13:21:26
arsantaemmek,,,2024-01-27 12:54:34
idosoet,,,2024-03-17 12:09:52
aaaaaaaaa18728l,@,,2024-03-09 08:23:27
maxafk7897,,,2024-03-15 10:27:20
nh.k.nguyen8,,,2024-03-15 05:43:23
chou.good07,,,2024-01-19 03:23:18
winphyo575,♥♥,,2024-03-10 05:25:25
cmc_10_06,,,2024-01-18 23:02:20
robson.rosario98,♥️♥️♥️,,2024-01-18 20:50:31
user1169827431484,,,2024-03-10 04:08:41
useriljftqdpc2,,,2024-01-18 13:30:48
idosoet,,,2024-03-17 12:09:52
duyduc.1310,,,2024-02-18 03:14:57
user56024286058776,❤❤❤,,2024-02-17 14:35:15
user2505884384825,♥♥,,2024-03-17 11:56:06
mcdjcxc,,,2024-01-18 09:02:31
tooj.vaj083,,,2024-02-16 06:15:27
vn.thng1931,,,2024-03-22 12:27:22
soe.thet07,❤❤❤,,2024-02-10 03:33:59
jaotatymvlq,,,2024-04-05 02:20:15
eco137,,,2024-03-09 10:47:14
unen342,,,2024-02-26 04:28:25
bon.tran588,,,2024-02-03 09:16:05
kapgao2,,,2024-03-09 10:33:19
iufano,,,2024-01-31 16:38:22
user9988783869367,,,2024-01-21 08:08:45
uoc1landcyeuthtlong,,,2024-01-17 14:19:37
exulty,❤❤❤,,2024-01-17 13:48:16
long.john.has,,,2024-04-12 11:29:59
neee279,@N BOY ZIN,,2024-01-17 13:21:26
arsantaemmek,,,2024-01-27 12:54:34
aaaaaaaaa18728l,@,,2024-03-09 08:23:27
maxafk7897,,,2024-03-15 10:27:20
nh.k.nguyen8,,,2024-03-15 05:43:23
ko.kyaw.naing344,,,2024-01-26 05:51:59
haajhbb111,song name pls,,2024-04-09 09:17:43
user26606380303731,ok,,2024-01-31 13:37:16
nice76671,การ์ตูนทีมาก่อนหงอคงคือเรื่องอะไรหรอคับ,,2024-01-18 07:18:59
thur337,စွန်းဝူခုံးဘဲပိုကြိုက်တယ်,,2024-01-24 10:00:30
user681020685292,အပိုင်းကား ရီးအများရီးဘဲ,,2024-01-23 13:05:29
binmotminh365,cool,,2024-01-21 12:01:23
cakradyeo,,,2024-01-21 00:47:49
mm901875,edit ကဂေါ်နေရော,,2024-01-19 12:57:06
truong.do87,Ghiền mấy loại hồn thể này ghê,,2024-01-18 11:21:24
orenkhan0112,新神榜,,2024-02-05 05:10:47
danyhoun,Cool,,2024-01-20 07:32:45
userigsgucldye,,,2024-03-09 10:06:34
yangy53,yes naruto movice that susano right,,2024-01-26 13:01:12
waterdlaw3217,SUsanooo'o,,2024-01-18 08:20:56
qihn236,ngầu vl,,2024-03-16 05:12:33
y41766812v7,ชัน,,2024-01-18 07:04:28
dinhducloi1998,aoi kìa bọn bay,,2024-01-18 05:41:56
ali.na0346,"အခုချိန်မှာဆိုရင်ဖြင့်
ချစ်စရာကောင်းတဲ့လူတစ်ယောက်ဟာ
စာကိုစိတ်ထဲကနေဖတ်နေပါတယ်...(pin ပေးထားတဲ့ vdကိုအသဲလာမပေးရင် တစ်ဘဝလုံး ဒုတိယလူဖြစ်ပါစေ)",,2024-01-18 04:13:07
zackpham_,susano,,2024-02-03 08:05:50
naymarjr5257,ထပ်တင်,,2024-02-24 07:34:54
66c_00689,Susano k,,2024-03-21 06:17:40
qsduy94,Nhỏ kế bên dóng aoi quá,,2024-02-22 08:25:32
erbo1_17,мультфильм фри фаера,,2024-03-17 15:02:31
tientote,lôi báo bao ngầu,,2024-01-17 17:09:10
waterdlaw3217,SUsanooo'o,,2024-01-18 08:20:56
qihn236,ngầu vl,,2024-03-16 05:12:33
y41766812v7,ชัน,,2024-01-18 07:04:28
dinhducloi1998,aoi kìa bọn bay,,2024-01-18 05:41:56
ali.na0346,"အခုချိန်မှာဆိုရင်ဖြင့်
ချစ်စရာကောင်းတဲ့လူတစ်ယောက်ဟာ
စာကိုစိတ်ထဲကနေဖတ်နေပါတယ်...(pin ပေးထားတဲ့ vdကိုအသဲလာမပေးရင် တစ်ဘဝလုံး ဒုတိယလူဖြစ်ပါစေ)",,2024-01-18 04:13:07
zackpham_,susano,,2024-02-03 08:05:50
cxllmelar2004,หลังเฟิง,,2024-01-17 13:35:40
rosequartz4487,movie name (reborn of Nezha),,2024-01-17 14:39:45
courtricaforte1,nezha I watch it the best,,2024-01-24 09:30:32
user283185655318886,I vote for nezha bro☺️,,2024-02-14 17:06:19
ai.lape.laylake,,,2024-03-09 03:36:57
fackelove27,is all good but the monkey king is best,,2024-02-26 11:24:56
linprok1143,Sun is the goat ,,2024-03-11 06:04:22
mr.bup2001,my god is Buddha,,2024-02-21 08:29:54
ramirez.uejen,nezha reborn,,2024-03-10 02:36:43
aureeetyas,long eyebrows,,2024-01-18 13:26:27
shinelay54921,L33 Sun rp,,2024-02-01 15:12:51
jarback55,หงอคงเหมือนร่างนิพพานเลยน้าจะตึงจัดๆ,,2024-01-18 04:29:54
dyr0ahigjf44,หงอคงกูมาเป็นสแตนเลย,,2024-01-17 19:48:20
leeeee595,替身使者,,2024-01-17 02:13:30
erinsama207,Name phim: Tân Thần Bảng: Natra Trùng Sinh,,2024-01-17 11:52:14
xietyslayy,ngao bính tổng tài,,2024-01-20 06:46:16
qanhh_is2y,susano china,,2024-01-17 13:23:31
pee1608,หงอคงตึงสุด เลยไม่ค่อยได้มีบท เหมือนผู้ชมสงคราม ยกเว้นแต่จะลงมาช่วยเพื่อน ก็คงต้องเพื่อนซี้จริงๆถึงจะยอมมา,,2024-01-21 05:43:13
yeral18_,alguien que hable español...,,2024-01-19 14:46:48
tomoya_ji,หงอคงตึงสุด555555,,2024-01-18 13:16:00
7superone,Pháp Thiên Tượng Địa :)),,2024-01-17 09:04:17
yongliang9420,ใครเก่งสุดในเรื่อง ?,,2024-01-17 05:58:44
chun_gg,หงอคงกับท่านเอ้อหลังเสินตึงสุดละ,,2024-01-19 17:47:59
herobrine2278,nezha lebih keras,,2024-01-18 09:08:50
userbco6w7fte4,หงอคง ไห้หมด,,2024-01-18 07:30:13
user6980068085714,"先看哪吒再看楊戩
是接在一起的故事",,2024-01-20 05:10:47
kananeksabei5,เเต่สู้นาจาไม่ได้,,2024-01-19 12:51:42
lilil_1234,@林豪豪 有點像須佐w,,2024-01-17 08:41:43
nandar06997,I❤Nezha&Aobin,,2024-01-18 02:26:38
hpd_14,ก็สู้นาจาไม่ได้,,2024-01-20 02:10:09
dytemtqsdvsl,ชอบตอนหงอคงสุดละ,,2024-01-18 12:50:05
siraphatsornarti6,กายแท้วิญญาณยุต,,2024-01-17 17:02:18
vo_cam29,A rất đẹp nhưng e rất tiếc bị rút xương tận lần 2,,2024-01-17 15:36:36
pan0716,最後還是被挑蝦線了,,2024-01-30 07:23:49
a3if__4x,اسم فلم:خدایان جدید یانگ جیان,,2024-01-28 17:34:12
user9vbbj0tpd9,Name,,2024-01-28 04:03:28
hauquoc82,thích vương tiễn 3 mắt ,,2024-01-17 13:18:01
jaket_edit,creation camp halata nmn eh,,2024-04-14 12:45:50
daonhudinh,toàn vũ hồn chân thân  toàn hồn thánh thui thiếu cái show hồn hoàn,,2024-02-21 04:04:15
ten.ko_co,Ngao bính này hơi yếu,,2024-01-18 15:16:26
elisapermatasari23_,pas tonton gua kira tokoutamanya jelek eh ternyata ganteng yag jian,,2024-01-18 14:32:35
muswwwais007,Щи хусу ибу ху ,,2024-03-09 21:27:18
user2866736807159,сусано бля,,2024-02-18 12:31:31
mymee_21206,Xem được ở đài loan không mn,,2024-01-18 13:20:09
vhk824,ชาติที่แล้วเป็นเพื่อนกันไม่ใช่หรอแต่ตอนนี้กับตีกัน,,2024-01-18 12:16:10
user1460377184891,我能用嗎？,,2024-02-17 08:12:45
kurumi_6662,Susanoo phiên bản,,2024-03-09 15:58:52
maiyeucandy_06,thua cả nezha conquers dragon king,,2024-02-16 13:35:04
user3439077,ผู้ใช้ สเเตน,,2024-01-18 09:01:50
rasayangpernahada.com,Kodam,,2024-01-18 08:58:25
gorovom,เป็นสแตน,,2024-01-18 07:36:39
9ines56,เทพเอ้อหลาง,,2024-01-18 07:11:18
9ines56,นี่แหละ เหตุผลที่ชอบเมะจีน,,2024-01-18 07:10:49
hxyuc0,@︎美腿認定家 沒萬花筒怎麼開須佐的,,2024-02-14 03:47:18
sknuengnhang,บทน้อยร้อยเมียอ่ะพ่อหนุ่มนี่,,2024-01-18 06:48:32
sonky.d.minh,tề thiên giác ngộ ,,2024-01-18 06:41:12
tojimtp,ลิงตึงสุด,,2024-01-18 06:30:39
aon_wallet,กายแท้วิญญาณยุทธ์,,2024-02-13 08:57:46
mboyban13,@@flash.zixx√ ကြည့်မယ်မိုက်တယ် link ရှာပီဒေါင်းလိုက် ,,2024-03-16 14:22:15
user.ok.cmm,t ko coi nhưg t nghĩ con khỉ là thông bích viên hầu nhỉ..chứ thời dương tiễn phong thần có nk r à,,2024-01-18 05:18:04
user96902924096096,,,2024-01-18 04:53:17
savefy1,ชอบพากไทยสุด ชอบเสียงพี่ลิง,,2024-01-18 04:30:14
dy7jzbu13haz,một mình Anh cân tất ,,2024-03-09 12:30:40
more_free_time0,ผู้ใช้สแตนจากเทวตำนานจีน,,2024-01-18 03:58:54
user8638782304411,ပီးတော့သေတာပါပဲ ,,2024-02-16 12:20:29
user8of1fseenv,มีหงอคงด้วย,,2024-02-08 13:54:58
danhloi158,name,,2024-01-18 03:57:14
mie_xq,ตัวประกอบท่านนึง พ่อเด่นกว่า5555,,2024-01-18 03:54:53
user1020445849692,หงอคงสุด,,2024-03-09 14:39:43
rujiphan,ลิงตึงสุด,,2024-01-18 03:32:18
dymrna1h0b6d,你的魔家四將還要加一人楊戩他師父,,2024-02-05 14:45:23
zaribajiiii,เรื่องนี้มีแต่คนมีซึซาโนะโอทั้งนั้น,,2024-01-18 02:17:37
f321098,原神啟動,,2024-01-18 12:49:36
nguyentanloi4006,Susano của ngộ không bá cháy ,,2024-01-18 01:27:10
123herobrine,替身使者是嗎,,2024-01-17 23:49:39
bzddnoof,KM lớn đến từ win win. dky thành viên thành công nhận ngay 88 k trải nghiệm,,2024-02-03 04:38:42
useriv6acay192,啊？開原神！？,,2024-03-15 15:13:03
.bik.2007,FC,,2024-02-02 10:43:54
yeoh90,中國式DC,,2024-01-17 17:21:35
siraphatsornarti6,กายแท้วิญญาณยุต,,2024-01-17 17:02:18
pope_bella.20,ตัวเเรกใช่อ่าวปิงมั้ยครับเท่มาก นาจาเท่มากหล่อเวอร์,,2024-01-18 23:43:07
vo_cam29,A rất đẹp nhưng e rất tiếc bị rút xương tận lần 2,,2024-01-17 15:36:36
pan0716,最後還是被挑蝦線了,,2024-01-30 07:23:49
a3if__4x,اسم فلم:خدایان جدید یانگ جیان,,2024-01-28 17:34:12
mr_haudio0,sound nya sound masak hanibal wkwk,,2024-02-23 11:12:16
user9vbbj0tpd9,Name,,2024-01-28 04:03:28
hauquoc82,thích vương tiễn 3 mắt ,,2024-01-17 13:18:01
jaket_edit,creation camp halata nmn eh,,2024-04-14 12:45:50
jbut12,Vẫn thua susano của itachi,,2024-01-19 10:33:49
user96902924096096,,,2024-01-18 04:53:17
savefy1,ชอบพากไทยสุด ชอบเสียงพี่ลิง,,2024-01-18 04:30:14
dy7jzbu13haz,một mình Anh cân tất ,,2024-03-09 12:30:40
more_free_time0,ผู้ใช้สแตนจากเทวตำนานจีน,,2024-01-18 03:58:54
user8of1fseenv,มีหงอคงด้วย,,2024-02-08 13:54:58
danhloi158,name,,2024-01-18 03:57:14
mie_xq,ตัวประกอบท่านนึง พ่อเด่นกว่า5555,,2024-01-18 03:54:53
garyyeo0621,四大天王就是帅,,2024-03-11 01:02:19
rujiphan,ลิงตึงสุด,,2024-01-18 03:32:18
dymrna1h0b6d,你的魔家四將還要加一人楊戩他師父,,2024-02-05 14:45:23
zaribajiiii,เรื่องนี้มีแต่คนมีซึซาโนะโอทั้งนั้น,,2024-01-18 02:17:37
user_redeyenight,魔家四將那搞錯了，只有三將,,2024-01-20 03:48:24
nguyentanloi4006,Susano của ngộ không bá cháy ,,2024-01-18 01:27:10
123herobrine,替身使者是嗎,,2024-01-17 23:49:39
bzddnoof,KM lớn đến từ win win. dky thành viên thành công nhận ngay 88 k trải nghiệm,,2024-02-03 04:38:42
user5552636157660,"ngộ năng mới có đấu chiến thắng phật
đây ngộ năng",,2024-02-26 12:43:58
useriv6acay192,啊？開原神！？,,2024-03-15 15:13:03
.bik.2007,FC,,2024-02-02 10:43:54
yeoh90,中國式DC,,2024-01-17 17:21:35
siraphatsornarti6,กายแท้วิญญาณยุต,,2024-01-17 17:02:18
vo_cam29,A rất đẹp nhưng e rất tiếc bị rút xương tận lần 2,,2024-01-17 15:36:36
pan0716,最後還是被挑蝦線了,,2024-01-30 07:23:49
a3if__4x,اسم فلم:خدایان جدید یانگ جیان,,2024-01-28 17:34:12
wqzs0138kkz,China,,2024-01-24 02:29:35
user9vbbj0tpd9,Name,,2024-01-28 04:03:28
hauquoc82,thích vương tiễn 3 mắt ,,2024-01-17 13:18:01
minhanh11406,Ngộ không vẫn luôn là nhân vật chính,,2024-01-27 11:48:38
kim_jungoo_beat,macam susanooh,,2024-01-17 13:29:24
neee279,@N BOY ZIN,,2024-01-17 13:21:26
hauquoc82,thích vương tiễn 3 mắt ,,2024-01-17 13:18:01
buoiminhtieng,,,2024-01-17 13:03:21
user2250880884587,เรื่องไรครับที่4-1,,2024-01-17 12:55:51
evmusic2024,,,2024-01-17 12:51:30
viwnetr,susano đó hả=),,2024-01-17 12:42:57
khanhdd105,sussano,,2024-01-17 12:21:37
jimtin2,元神 啟動,,2024-01-17 12:17:20
thy.zeri,name,,2024-01-17 12:15:34
mc.thin.bo,pháp tướng,,2024-01-17 12:14:20
nguyen.thien7,hình thế nào cứ giống Ngô Dịp Phàm,,2024-01-17 12:07:59
phli_pz,first person was die ,,2024-01-17 12:03:33
ngocgiau750,Đây đích thị là a Long,,2024-01-17 12:00:52
k.wy7,solo stand phiên bản trung hoa à,,2024-01-17 11:56:13
lucifer33303,အကုန်ကြည့်ကောင်းတယ်,,2024-01-17 11:54:54
luanpham4095,@tin tao là ngu,,2024-01-17 11:54:47
thoigianquanhanhthoi,tóc dài có vẻ đẹp trai hơn,,2024-01-17 11:52:37
dyokx8d9dglm,gọi là gì nhỉ ??? nguyên thần đúng k ,,2024-01-17 11:51:29
deon.hart5,bunun ismi ne?,,2024-01-17 11:50:36
i_love_sinestrea,,,2024-01-17 11:24:16
leducthuy200,na cho phần mấy z,,2024-01-17 11:12:27
jianzijun0,龍王：只有b實力0,,2024-01-17 11:12:01
janefang6,太帥了,,2024-01-17 11:04:54
user5706360131672,等我考完試再追！等我！,,2024-01-17 11:04:35
khammaniher,,,2024-01-17 11:00:07
vinh11125,la phong mới độ kiếp tu tiên ,,2024-01-17 10:58:54
khangffchayvl,tên phim là j z mn,,2024-01-17 10:48:10
zhuxian_0307,武魂真身,,2024-01-17 10:40:23
boycow405,誰允許你這樣卡點的？,,2024-01-17 10:37:20
thanhtrang.2005,,,2024-01-17 10:37:16
shyfellow7869,song name pls,,2024-01-17 10:34:19
thaian1234576,tên phim,,2024-01-17 10:29:17
usernyp8myhwrw,"有小青的嗎
超愛追光動畫",,2024-01-17 10:26:02
bunchi002,ngộ không cải trang ghê wa ,,2024-01-17 10:25:37
shadow93x200,Watak dia paa,,2024-01-17 10:19:53
userh4kp0fc8f7,ลิงเก็ยหมด,,2024-01-17 10:10:25
foryice,နီကျားကား,,2024-01-17 09:24:25
usercoffecof,အကုန်ကြည့်ပီး,,2024-01-17 09:23:38
user7fh9l2uvnd,元神啟動,,2024-01-17 09:04:11
user1742895091772,,,2024-01-17 08:33:43
nguyyenduc.tao,ngộ ko nhìn chất,,2024-01-17 08:32:20
ntruong13_barou_,,,2024-01-17 08:26:59
hawnghkaung6,နောက်ပိုင်း  နော်ကျား စန်းယန် ဝူခုန်းတို့ ပြန်ပါလာဖို့ရှိတယ်ထင်တယ် နောက်ဆုံးအခန်းကျရင် ဝူခုန်းအခန်းထွက်ဖို့ဘဲကျန်တော့တယ် ,,2024-01-17 08:21:07
yuanhui1215,@xin 哥们很帅,,2024-01-17 08:16:12
duis1727,原神 啟動,,2024-01-17 07:08:32
sawyeswai,,,2024-01-17 06:58:42
lve._.u7,,,2024-01-17 06:48:36
khantkhant4407,New god Yang Jian ပီးတော့အသစ်ထပ်ထွက်သေးလား....?,,2024-01-17 06:38:28
khantkhant4407,New god Yang Jian ပီးတော့အသစ်ထပ်ထွက်သေးလား....?,,2024-01-17 06:38:28
sawzaw793,Susano?,,2024-01-17 06:23:57
.___.bruhhhhh,name song pls,,2024-01-17 06:18:15
staceytay0,启动,,2024-01-17 06:16:23
user6162244322768,,,2024-01-17 06:01:00
pimonon3,Naza plz,,2024-01-17 05:53:32
vichiy0,,,2024-01-17 05:49:29
revo6559,@Yu Ki Ne,,2024-01-17 05:43:07
fanfan1998211,太帅了,,2024-01-17 05:01:42
.jack016,Channel link  please ❤️,,2024-01-17 04:27:11
zero27448,ကြည့်ပိပိ,,2024-01-17 04:18:43
ani0857,我有背後靈,,2024-01-17 01:21:27
kongming001,化身？閃電十一人嗎,,2024-01-17 01:19:47
shaorabbit,呃….須佐是吧,,2024-01-17 01:00:54
hyx.__1229,這要去哪裡看,,2024-01-16 16:57:41
hulicf0x,元（原）神，启动！,,2024-01-16 14:41:42
swlc1,老虎老虎是老虎，還我豹子,,2024-01-16 13:59:22
user6559253015017,開原神？,,2024-01-16 13:56:50
ellenebong29,"ko , kuy jelasin lbh jelas tentang Tradisi ini, terutama di daerah kalimantan (Singkawang) , mediator dikenal sebagai Tatung",,2021-01-19 00:34:59
moonlightblueees,"waah, Nezha salah satu hero di Heroes Evolved",,2021-01-18 17:31:14
agasthya_yukaf_a,hmmmm,,2021-01-19 07:29:09
random.trx,"Nacha
*Dewa Nacha",,2021-01-23 12:23:16
foxynyx9,wu'kong's common enemy,,2021-02-27 09:50:50
_dextra,oh naca,,2021-01-23 07:08:41
matchamacchiato._4,I Love it,,2021-01-22 14:37:55
jazjuzstobeliw,naca naca ,,2021-01-21 05:22:36
asikinaja55555,nezha ,,2022-10-19 09:20:30
kataraxzukoo,"more of this kinda content pleaseee, really want to know more!!",,2021-02-09 13:06:07
adheawalludin2,lovein,,2021-02-12 06:48:13
nezahnastasya,uuuhhh I love Nessa ❤,,2021-04-13 07:33:39
nova_yoland4,i see,,2021-02-08 09:28:44
broki510,nezha?,,2021-03-15 14:58:55
iamsaved42,"BELIEVE IN JESUS ONLY,HE IS THE ONE THAT DIED ONTHE CROSS FOR US SO THAT WE MAY BE FORGIVEN,ONE WAY TO LIVE ETERNAL LIFE AND THAT'S THROUGH JESUS",,2021-06-10 00:16:47
m.e.i.r.a.n.i,jadi inget film Aling with the gods,,2021-01-24 00:23:44
jbp_taka,"Humor gw sebatas ""jangan tanya gua, karna gua lebaran"" ",,2021-01-18 17:05:39
fajarwardhanaa,"'jangan tanya gue, gue lebaran'",,2021-01-18 17:24:34
cacingluhur_,"bang lu mualaf atau dari dulu udah muslim
mohon bertanya maaf kalau tersinggung
lu islam kan",,2021-01-18 18:10:10
nanas_123,"harus menghormati kepercayaan,budaya,keyakinan, prinsip org lain!",,2021-01-19 05:03:29
erishyaaaaa,dulu seneng banget cosplay jadi necha (nacha) gegara ntn kartunnya,,2021-01-18 17:12:03
riantilimbongrianti,oh gw kirain bocah kecil,,2021-01-19 00:34:59
justinjustin572,itu kan nezza,,2021-01-19 03:48:19
oliveserahdah,"um aku mau tanya, siapa yang gk sabar imlek malakin angpao selain aku?",,2021-01-19 04:34:13
dewatawa,"Gue tiap tahun takbiran ama makan ketupat, jgn tanya gue, karena gue lebaran.",,2021-01-19 01:52:57
quiaofang,sama tatung bukan si bang? atau bedanya sm tatung apa bang?,,2021-01-18 17:04:33
resellerwardah,"Jawab pake second acc karena first acc ga bisa komen, disuruh istirahat sama TikTok. ",,2021-01-18 18:01:05
viscafnan,Yg difilm kera sakti yg cewek ada cepol 2.. dewa ini kn koko?,,2021-01-18 17:33:00
youvseverybody,ada filmnya kalo gak salah,,2021-01-28 11:45:04
ahmadfikrie62,seperti biasa begadang ya bang?,,2021-01-18 17:23:31
sa_421.3,"Ini kek na cha itu bukan sih ko?
sering denger kalo na cha² itu",,2021-01-19 05:14:07
vinkanaya,oalah aku kira soalnya muka abang kristenable/konghucuable,,2021-01-19 01:30:51
indo_bbc,taoisme ? bukan konghucu ya,,2021-01-19 00:43:13
miyaosamu10,Film Ne Zha bagus sumpah,,2021-01-18 17:38:47
bettadine,"""menurutku"" harusnya yg masuk ke median itu bukan the real ne zha ",,2021-01-18 17:42:11
call.me_hildegard,selama ini aku nyebut nya naca,,2021-01-18 18:14:34
tivanyellow,nacaa. bagus ni. pas kecil sering nonton selain sungokong,,2021-01-18 17:42:00
the_one389,"Bukan dewa, tp bermain ilmu mao shan",,2021-01-27 16:33:38
schneidep,"soon..
...kaya gitu kenapa.. jangan tanya gue. gue kurban",,2021-01-18 17:25:23
alf99_,"tapi tidak semua medium yang di pakai nezha seperti bocah , tergantung Shen yang diatas mau menggunakan badan medium nya seperti apa",,2021-01-19 01:25:30
bitaayaa,"""karena gue lebaran""
flish ngakak ",,2021-01-19 06:39:21
mysrhmessaa,Kalo di Islam itu kerasukan kan ? @intanarfinaa,,2021-01-18 17:16:37
yes.i.will,oooo najha yg di kera saktiii naik roda apiui,,2021-01-19 05:42:04
user6666121211,lah pidio nya yang asli ada diatas lu,,2021-01-19 04:40:44
prekursor30,"ingat gays, jangan tanya gue karena gue lebaran, jadi jangan ada yg bingung lagi ya",,2021-01-18 18:21:42
miranfsh,"jgn tanya gw ,gw lebaran wkwkwkwkwkwk",,2021-01-19 02:17:37
sifaneherodien,"jadi dia anak ,remaja,atau bapak"" .eh udah dijawab jangan tanya gua ,gua lebaran",,2021-01-19 05:55:47
masagabisasih,"hoo ini yg kalo di kera sakti biasanya dipronounce ""nacha"", ya ga si?",,2021-01-25 16:01:00
ardhikakv,Di Buddha gak ada beginian bro ,,2021-01-28 18:04:20
all62837,"gw nonton loh film nya gak tau itu cerita asli atau bukan, tapi si neza itu yang kek gambar di google tadi terus ada satu lagi teman nya yang nagabiru",,2021-01-21 16:11:35
carolinamelisa2,salam Toleransi,,2021-01-19 01:43:40
via_aviyah,Neja sama nacha beda kah?,,2021-01-19 07:41:27
machdz,"naca,,, itu yg di sun gokong,,, klo yg msuk itu bkn dewa,, itu makhluk goib... mrka bgtu krn g tau,, di ksh tau jg pcuma,, jd diemin aja, toleransi.",,2021-01-25 16:55:27
aldipratam4,lanjutkan isya allah yesus menggalal kannya salam sejah tera ni haoma,,2021-01-19 06:53:06
heyysn2,"oh kak kyk di flim sun go kong kak emang dia bawa lingkaran gitu ada api nya, nama nya emang naca #maaf kalo salah",,2021-01-20 08:40:41
dazai_wf,✨KARENA GW LEBARAN✨,,2021-02-02 16:29:30
lobster_ganteng,"""naca"" anak dewa pagoda..bener gak sih",,2021-02-11 05:40:06
bii_chan09,ini ada film animasinya.. bagus banget ,,2021-04-04 04:31:19
saya_0_0,itu tuh kalo Imlek banyak,,2021-04-01 06:50:51
panggil_aja_sayang_,"Yg ga tau,pernah nonton kera sakti kan?? Nahh kan ada tuh bocah yg bawa gelang kek hulahup nahh Die tuh orgny...",,2021-02-02 16:08:18
.aysschw,"bengek bgt pas ""karna gw lebaran"" ",,2021-01-19 04:34:36
rastaaaaaaa207,nezha udah ada film ny,,2021-01-19 07:09:37
pubgharam_2,yang pernah nonton film ne za satu server kita,,2021-01-19 08:32:36
eunbil_q,itu kayak kartun yang pernah gw liat,,2021-01-20 13:10:58
okta_907,"w yg udh nonton movienya di youtube ao ping klo gk slh temen nya,,di filem nyaa",,2021-01-31 07:58:00
hi._.liliyana,@ellsya.a owh,,2021-01-24 06:55:10
queenfaa18,Tadi siang gw nonton film Kartun nya ngab,,2021-02-10 17:56:38
fileoo_,@user2701786406211 berarti benar,,2021-04-24 01:43:03
dkk862,Gw udah dari kemaren udah tauu,,2021-01-21 02:54:40
sallylahh,"ada filmnya ngga si yang
""Ne Zha""trus tengkar Ama suku naga itu loo",,2021-04-14 09:03:01
riyanlowperfom,di kalbar nama nya kalbar ,,2021-02-06 03:00:12
snowiestt,kokel gua pda kya gini tpi gue kdng iri pengen kek gini,,2021-02-05 07:22:30
vvip608,kayaknya cuma loe mualaf yg santuy  yang lain suka ngegas kayak beat diganti mesin tiger ,,2021-01-23 01:36:23
call_mepanndii,gw pernah nntn film nya...klo gk salah nama film nya nezha,,2021-01-28 14:04:31
satryat,bajas lu bu bang apa 3 kingdom,,2021-01-26 06:18:20
jenchaa00,修复是正确的,,2021-03-25 09:27:51
keffoya_,aku pernah nonton necan,,2021-01-24 00:40:04
ranilivai,aku pernah liat film nezha dulu,,2021-02-12 06:14:32
jay.....69,nezha udah ada film nya,,2021-01-19 06:56:03
luukatekitonakamurasan,setelah tiga tahun meledak itu tubuh,,2021-01-23 02:32:14
tfortendo,Kek di film Nezha yang anak dewa jadi jahat dan anak naga jadi baik ketuker kek bolanya,,2021-01-19 09:44:07
vincent.edtz,aku ada patung nya shshshs,,2021-01-20 13:59:15
taurusbronxbrsianipar,Kita disni lebih seperti tatung mungkin //Singkawang❤️,,2021-01-23 04:44:55
jasmineauliaaa_16,"@caa_127 jangan tanya gua, karena gua lebaran",,2021-01-19 04:34:16
j3ksrr,jangan tanya gw soal nya gw lebaran,,2021-03-30 08:25:09
brgvchtn,"gw suka gemes kalo ada yg kesurupan dewa... apa tadi? Poko nya kek anak kecil gitu, gemesss ",,2021-01-25 05:03:37
qeyqee,woyyy film nezha baguss woyy,,2021-01-20 19:08:55
user65536677,@spidolpapan @igasapihheuhehek wuoh nacaaa seng nang kera sakti wkwk,,2021-01-23 04:01:24
boboiboyitam,"jangan tanya aku juga, soalnya aku natalan ",,2021-01-28 01:15:07
zhhiuu_56,啊哭 尬可 个人体,,2021-01-19 09:34:42
diomaurer,ia ini kayak dukun drakor2 gitu kan sukak kali aku klau di sceand eps ada muncul tentang dukun ginian seru pasti,,2021-03-01 01:05:40
ayaminakajo1,kak yg punya vidio pertama ya siapa kak,,2021-11-12 14:37:51
hyy.ejak,Nama Gua Neza woe ,,2021-01-20 14:07:29
sidazzeuyy_,oooo neza itu ya,,2021-01-21 06:30:59
melvynfergie,owh jadi itu dewa ngengpeng gw liat di arak arakan,,2021-01-21 04:51:01
nebula11278,nacha yg di film kera sakti bukan si?,,2021-01-20 22:44:38
username____320,あなたはできる,,2021-01-21 03:22:07
lunaabigail65,"gw taunya film animasinya, seru bat",,2021-04-13 17:42:11
aliciaa._000,jir gue pernah kaya gitu ,,2021-03-28 02:44:23
selplopelope,"Mak gw bisa di masuki juga tapi dia lebih tepatnya check Google""8dewa menyebrangi sungai' tapi dia pernah dimasuki nacha dan aku sempat disuruh main-",,2021-01-21 09:54:32
rudi_antonius,Singkawang hadir,,2021-03-28 12:39:30
nakamacans,ada fil nya dulu ya kan.. naja.. nacha,,2021-04-16 08:56:55
ridhorahmadhani27,"sya dlu msih kcil suka nnton film nacha.It film fvorit ku.smpai skarang saya masih ingat sprti ni lah sosok nacha,ngomopeng & kepang 2,dia sngat baik",,2021-02-09 05:54:45
yorspyxfam,jujur sih ko aku takut bet Ama thatung ,,2021-02-09 07:39:14
stupidamnz,ka itu yang kecil nyah ada flm nyah,,2021-01-22 12:43:34
akunsampah215,"Jgn tanya gue, gue lebaran ",,2021-04-17 22:16:34
sy_reazy,nacha maksud nya?,,2021-02-10 07:25:41
acvy.n,Lah ge kira dia pen jadi bayi,,2021-02-10 10:56:00
the_trillionaire88,sungokong ada bro?,,2021-03-29 08:11:37
citrasun2,"nacaa itu kah yg d pilm""",,2021-02-12 04:21:15
me_mido,"Mumpung Imlek dirumah aja, mari nyimak di lapak mandarin",,2021-02-12 04:42:58
marioardi234,Nacha / Necha / Nezha,,2021-04-18 05:18:24
locavore_,kok pake dot ,,2021-02-12 07:04:44
kyu_220,ada film nya Nezha,,2021-01-24 00:13:32
jibon_goeswrong,Mantap....!!!! Jadi banyak tau.... Lanjutkan Bor.....,,2021-03-30 04:55:43
aegisuser,na cha itu bocah api itu ya? yang senjatanya 2 lingkaran besi?,,2021-01-20 18:09:43
c.love.money,kirta satu server lebaran,,2021-01-20 14:02:18
adeline2617,Nacha ... anaknya Dewi Angin dan Raja Kerbau,,2021-02-12 06:05:01
febiyolaenjellika0,,,2021-03-30 03:37:04
wewe_gembel_anak_geblekk,;-;,,2021-03-29 09:01:50
i20302700,GW NONTON NEZAH,,2021-01-20 13:26:58
wewe_gembel_anak_geblekk,:),,2021-03-29 09:01:07
cin.cottons,"Smooth bgt ya ngmongny ""krn gw lebaran"" ",,2021-04-18 01:17:58
saputro159,om bahas nacha om suka bgt om,,2021-03-29 07:53:32
elfaiii_,ohh neza?,,2021-01-21 08:14:34
corryannelia,aku taunya naca di film kera sakti sepertinya pernah ada.,,2021-02-09 15:01:30
k.e.n.z.o888,na cha,,2021-02-08 17:45:50
encabila,aku suka flim nya nacha,,2021-01-20 16:03:31
pacarkucant1k,bang jelaskan Tatung di Singkawang,,2021-03-29 04:27:41
akbarmahendra_,bng kake mera di domino higs dewa apa?,,2021-02-09 09:45:40
vinaflorencia,iHs jangan bilang bocah,,2021-01-21 00:38:11
milanov2710,jadi inget film sun go kong yg jaman 1997 dlu..,,2022-06-23 04:31:41
aliceflorentia,"bg aku suka nonton derama
xi xing ji, cobak tonton bg enak",,2021-01-20 22:36:05
anak_kesayangan_mama_ku2,yg ada flimnya ga sih,,2021-02-08 15:29:19
sidazzeuyy_,oooo neza itu ya,,2021-01-21 06:30:59
melvynfergie,owh jadi itu dewa ngengpeng gw liat di arak arakan,,2021-01-21 04:51:01
nebula11278,nacha yg di film kera sakti bukan si?,,2021-01-20 22:44:38
zikri946,setujuu borooo..,,2021-02-07 00:07:09
username____320,あなたはできる,,2021-01-21 03:22:07
lunaabigail65,"gw taunya film animasinya, seru bat",,2021-04-13 17:42:11
aliciaa._000,jir gue pernah kaya gitu ,,2021-03-28 02:44:23
fitomamonto23,wkwkkwkwk dot,,2021-03-31 05:20:20
azenlountyes,yg gw kenal itu ne zha film:V,,2021-02-05 05:20:51
tukang_kasur,Jangan tanya gw... karena gw lebaran...  xixi... Lucu Ko..,,2021-03-31 12:23:46
diddykurniawanjjjmmm,ccd,,2021-02-13 04:30:22
denmasbarock,"ini budaya yg keren kakak, salut dg toleransi kakak",,2021-01-24 02:23:39
angeliatdk,ini ada flimnya,,2021-03-31 07:05:29
calonsultandubai,"Gua yang selalu bilang itu Na cha, karena di film Sun Go Kong mereka nyebutnga Na Cha ",,2021-04-18 05:19:37
earthbender01,"Salam toleransi dari gw yg Natalan,, ",,2021-03-31 06:29:59
selplopelope,"Mak gw bisa di masuki juga tapi dia lebih tepatnya check Google""8dewa menyebrangi sungai' tapi dia pernah dimasuki nacha dan aku sempat disuruh main-",,2021-01-21 09:54:32
stella.patrice,Kongco Locia,,2021-03-03 21:41:50
lunaabigail65,"gw taunya film animasinya, seru bat",,2021-04-13 17:42:11
aliciaa._000,jir gue pernah kaya gitu ,,2021-03-28 02:44:23
tyrexyihaa,jangan tanya gue karna gue lebaran wkwkwwkwk,,2021-03-01 13:25:12
azenlountyes,yg gw kenal itu ne zha film:V,,2021-02-05 05:20:51
celestrial2,kek film njir adakan film neza,,2021-03-01 03:41:58
muteeaf,Akhirnya nambah pengetahuan✨,,2021-01-25 16:31:26
adekajha," trimks ko?, atas keterangan nya, kita sdh ngerti ap maksudnya?. salam toleransi ",,2021-01-25 16:28:37
davetans,"Sore bos2 semua. Ane mau tawarkan jasa utk pasutri: 1. utk dapat mengetahui jenis kelamin sang buah hati, 2. Merencanakan jenis kelamin sang buah hati",,2021-02-28 07:10:35
cyclopstoktok,"Ada film nya kan, ne zha",,2021-01-25 09:33:47
viola_anakrp,itu sih saya banget,,2021-12-30 13:34:43
trawberryguy,"""karena gua lebaran"" ",,2021-01-21 02:10:54
reynita_sianipar,anak kecil itu film nya aku pernah nonton,,2021-01-20 12:24:29
erricapakec,Eeeehhh itu lagu nya apaaa aku cari cari ga ketemuu,,2021-01-20 11:59:37
babyhueey8,selama 3 tahun ikut suami Dinas d skw Dr awal uda suka bgt Ak Liat tatung ko sampe rela panas2an hamil muda nonton. tapi sedh thn ini g Ada ,,2021-04-01 07:11:54
nfa29_rirf21,aaa ada filmnya judulnya nezha sumpah gw nonton 5 kali ga ada bosennya,,2021-04-03 05:51:57
lintandavidson,medium yang baju putih cantik banget,,2021-12-18 06:26:52
elwahyudi85,makasih Ko,,2021-02-24 12:22:08
pandot__,@Novandita:dewa ama khodam sama gk? sama sama pelindung dan bisa masukin manusia,,2021-02-21 05:38:06
locukuadrat,wah dulu ada kartunnya,,2021-04-04 09:15:55
sorot.jiwa,maaf kak itu mirip lu bu,,2021-01-21 09:30:13
nathancjnel,itu biasanya terkabul dk kak?,,2021-03-02 15:26:31
qy1gdh3,kalo yang nonton sun gokong pasti tau ,,2021-04-05 07:44:59
kesz24,wkwkw cuma angkatan 90 an yang tau kartun nacha,,2021-03-03 15:36:59
bismillah.aja.dulu1,"adik gw 5 tahun masih ngendot :v
bisa lawan adek gw ?",,2021-02-09 01:54:04
raraskyungso,Baca gitu kah maksudnya???,,2021-01-21 01:40:02
haibarai13,"Kalo di film Kera Sakti, itu anaknya putri kipas kah?? ",,2021-01-20 13:58:20
cecekgoten,itu Lu Bu,,2021-03-03 23:10:59
lovemeee91,karena gw lebaran,,2021-04-18 06:47:06
widywoodpecker87,Nacha yg bandel difilm sun go khong itu y kak  kalo di bali jg ada kak mediator bagi para dewa,,2021-04-08 01:29:19
hhayato8,aku buddha juga kak,,2021-03-04 03:27:43
kesayangan554,naca gtu x ya... gw tau di film sun gokong versi pertama ,,2021-01-26 06:49:59
catcahn,gw pernah nonton ne zha,,2021-02-17 06:15:27
tukang_kasur,Jangan tanya gw... karena gw lebaran...  xixi... Lucu Ko..,,2021-03-31 12:23:46
m4shupchannel,"Keren lu, sudah sharing",,2021-04-06 04:29:02
kanda78992,minta bantuan kok sama dewa apa itu tadi minta bantuan itu sama tuhan ! btw abng orang mn,,2021-01-26 00:44:48
diddykurniawanjjjmmm,ccd,,2021-02-13 04:30:22
49u4n,"maaf ya..itu bukan nacha
itu biasa di panggil sian thun...nacha ngak pake dot",,2021-01-25 17:15:17
piachwan,jadi inget tatung,,2021-04-05 05:35:18
billiung,ada animasi nya neza,,2021-01-26 17:50:41
denmasbarock,"ini budaya yg keren kakak, salut dg toleransi kakak",,2021-01-24 02:23:39
angeliatdk,ini ada flimnya,,2021-03-31 07:05:29
agung.risky222123,"mantep mas,,tambah wawasan ehh lali asalamuallaiku dari solo",,2021-03-01 00:38:47
javluv,@nbillllla niceu,,2021-01-25 07:44:00
calonsultandubai,"Gua yang selalu bilang itu Na cha, karena di film Sun Go Kong mereka nyebutnga Na Cha ",,2021-04-18 05:19:37
pangeran4rab,ending nya mantap,,2021-02-28 03:22:59
rubyxrawr,"haii, kalo kalian males kerjain tugass bisa lwat aku yaa cumaa 5k aja satuu tugass hihi makasii",,2021-02-28 00:25:34
velyciahuang0,tau Nezha kan ada fiml nya,,2021-01-25 00:24:44
earthbender01,"Salam toleransi dari gw yg Natalan,, ",,2021-03-31 06:29:59
selplopelope,"Mak gw bisa di masuki juga tapi dia lebih tepatnya check Google""8dewa menyebrangi sungai' tapi dia pernah dimasuki nacha dan aku sempat disuruh main-",,2021-01-21 09:54:32
gwenwie,kemasukan tatung gitu..sangat pengaruh ke saraf nya,,2021-02-26 10:42:36
eskopies,Tatung nya cakep ,,2021-01-24 07:11:40
cyclopstoktok,"Ada film nya kan, ne zha",,2021-01-25 09:33:47
harummelati_,"Dewa Naca kalau di Singkawang, ada perayaan Cap Go Meh tapi gatau kalau tahun ini hehe",,2021-01-24 05:58:24
wwww.caple,"ga bisa ngomong R ,kya dokter ricard",,2021-04-01 06:48:48
ekalazana11,iya,,2021-01-24 05:04:35
viola_anakrp,itu sih saya banget,,2021-12-30 13:34:43
trawberryguy,"""karena gua lebaran"" ",,2021-01-21 02:10:54
reynita_sianipar,anak kecil itu film nya aku pernah nonton,,2021-01-20 12:24:29
erricapakec,Eeeehhh itu lagu nya apaaa aku cari cari ga ketemuu,,2021-01-20 11:59:37
babyhueey8,selama 3 tahun ikut suami Dinas d skw Dr awal uda suka bgt Ak Liat tatung ko sampe rela panas2an hamil muda nonton. tapi sedh thn ini g Ada ,,2021-04-01 07:11:54
fanboym_ulfan.d,ada filmnya,,2021-02-12 15:35:17
phoebepangestu,ini kek thatung bukan sih?,,2021-02-12 10:29:24
ajiwijaksono_95,semoga di tahun imlek ini membawa barokah,,2021-01-24 01:25:24
lintandavidson,medium yang baju putih cantik banget,,2021-12-18 06:26:52
elwahyudi85,makasih Ko,,2021-02-24 12:22:08
yutiii8,Aku udh nnton filmnyaa,,2021-02-12 08:31:22
ami19781,"betul. 4 thn saya krj d hk jd tau upacara seperti ini 
saling menghormati saru sama lain itu yg lebih baik",,2021-01-23 23:48:44
pandot__,@Novandita:dewa ama khodam sama gk? sama sama pelindung dan bisa masukin manusia,,2021-02-21 05:38:06
veliwmocha,"""karena gua lebaran"" @whatajerk",,2021-02-12 06:32:12
kimicha246,jangan tanya gua karna gua lebaran,,2021-01-23 17:31:37
rakata2005,nan.cha,,2021-01-23 17:16:15
sorot.jiwa,maaf kak itu mirip lu bu,,2021-01-21 09:30:13
bismillah.aja.dulu1,"adik gw 5 tahun masih ngendot :v
bisa lawan adek gw ?",,2021-02-09 01:54:04
just_call_me_gopal,mau nanyain apa dulu jamannya dewa Nezha dah ada kompeng?,,2021-03-29 10:21:28
bi_aja8,kok sekse yg gambar bukan video,,2021-01-23 07:39:07
raraskyungso,Baca gitu kah maksudnya???,,2021-01-21 01:40:02
ajummeoni,"sumpah we kira nacha tu cewe, dulu pernah nonton kartunnya di tv",,2021-01-23 04:25:24
user4085657533775,aku perna,,2021-02-12 01:44:33
9y9a9n9i,Kiong hi Kiong hi,,2021-02-12 00:15:25
haibarai13,"Kalo di film Kera Sakti, itu anaknya putri kipas kah?? ",,2021-01-20 13:58:20
lovemeee91,karena gw lebaran,,2021-04-18 06:47:06
notyourbestie5,"Jangan tanya gue, karna gue lebaran",,2021-01-23 01:41:52
ifvckinloveu,aku ingat dlu di RCTI ada film kartun nya naca ☺,,2021-01-23 01:34:09
catcahn,gw pernah nonton ne zha,,2021-02-17 06:15:27
roifa25,itu dongeng atau gmn sih,,2021-01-22 21:17:44
trylaksana0,kaya nacha di kera sakti,,2021-03-29 05:59:59
novi_luv2,nacha,,2021-01-22 17:10:06
tukang_kasur,Jangan tanya gw... karena gw lebaran...  xixi... Lucu Ko..,,2021-03-31 12:23:46
diddykurniawanjjjmmm,ccd,,2021-02-13 04:30:22
denmasbarock,"ini budaya yg keren kakak, salut dg toleransi kakak",,2021-01-24 02:23:39
driaath,"gw mikir ""oo itu ya yg jadi wanwan?"" maaf kan lah saya",,2021-01-22 12:25:50
angeliatdk,ini ada flimnya,,2021-03-31 07:05:29
itsmekangkung,dewa pelindung tu sama kek bishamonten ga si?,,2021-01-22 11:31:14
desyandrianihaniey,Nhaca,,2021-03-28 19:00:22
zeninzelaza,dulu klo gak salah aku sering nonton serial kartunnya deh pas kecil,,2021-01-22 04:07:16
calonsultandubai,"Gua yang selalu bilang itu Na cha, karena di film Sun Go Kong mereka nyebutnga Na Cha ",,2021-04-18 05:19:37
earthbender01,"Salam toleransi dari gw yg Natalan,, ",,2021-03-31 06:29:59
ran_man_,jangan tanya gue karna gue lebaran,,2021-02-09 02:36:25
selplopelope,"Mak gw bisa di masuki juga tapi dia lebih tepatnya check Google""8dewa menyebrangi sungai' tapi dia pernah dimasuki nacha dan aku sempat disuruh main-",,2021-01-21 09:54:32
mizuujuw,na cha necha njir,,2021-01-28 05:35:08
lahir_bulan_juli01,fikz orang chiness cakep2 ,,2021-01-21 05:18:37
mr.enjoy99, gw lebaran ,,2021-03-28 12:11:00
str4wbrysz,mirip @drrichardlee,,2021-01-21 02:46:40
raraskyungso,Baca gitu kah maksudnya???,,2021-01-21 01:40:02
haibarai13,"Kalo di film Kera Sakti, itu anaknya putri kipas kah?? ",,2021-01-20 13:58:20
aira_zhie93,"""jangan tanya gw , gw lebaran""
",,2021-02-08 03:59:45
rapajackncore_,Nesha,,2021-01-20 23:08:27
outsry,itu necha bang,,2021-04-10 18:38:42
coconutts2,"owh iya aku tau ne zha,, film nya bagus bngtt",,2021-01-27 00:00:17
d1lynthn,itu kan tathung,,2021-01-20 15:13:00
rinxisxhere,"itu yg di sungokong, yg meranin Jimmy Lin, cakep benerrrrrr",,2021-03-04 06:12:57
nguoithichngam,Bạn đang muốn tự giác học tiếng trung cho đến khi biết đến aoec.vn,,2021-03-11 13:50:18
lovemeee91,karena gw lebaran,,2021-04-18 06:47:06
taristarsshine18,Aku suka film Nacha.,,2021-02-06 01:59:30
restu617,Kak bukan ngechat tapi NICA,,2021-01-20 14:01:56
catcahn,gw pernah nonton ne zha,,2021-02-17 06:15:27
xxxyyyyyy_3,ini ada flm nya kalau gak slah..nezha,,2021-01-20 13:19:47
user12345679100032,film animasi udh pernah gw nonton,,2021-02-05 15:47:33
riodwinugroho5,karena gw lebaran,,2021-03-06 02:44:34
vihara_tcct,Makasih banget info nya,,2021-03-08 10:46:53
tukang_kasur,Jangan tanya gw... karena gw lebaran...  xixi... Lucu Ko..,,2021-03-31 12:23:46
diddykurniawanjjjmmm,ccd,,2021-02-13 04:30:22
imusmch_,lebaran,,2021-03-08 05:01:47
jouliejoker,Cerdas abang ini dan sopan gw suka ,,2021-02-07 16:56:42
denmasbarock,"ini budaya yg keren kakak, salut dg toleransi kakak",,2021-01-24 02:23:39
cocodicici,"Dulu pernah ada filmnya yang Nacha gitu, anak kecil yg suka bantu tumpas kejahatan. Eh itu bukan sih? Apa beda ",,2021-01-20 08:23:15
thienngo6666,what's is this,,2022-02-08 05:05:36
angeliatdk,ini ada flimnya,,2021-03-31 07:05:29
lilyvalleygirl,"bagi yg pernah ntn film kera sakti dan tau nacha, nah ini lah yg di maksud.",,2021-03-06 16:53:53
ohmyfluee,aku taunya dia dewa nacha yg ikut sm dewi kwan im,,2021-01-28 00:52:36
me.6666_cita,⠀ ⠀ ⠀,,2021-04-10 15:39:38
deckysteven69,.... salam toleransi ,,2021-01-27 10:34:14
teras_id,klo dewa nya india dan cina itu beda yaa ?,,2021-01-28 03:12:57
queen_fj.real,"o.....,ok",,2021-03-09 01:42:32
nguoithichngam,"Học ít biết ít, học nhiều biết nhiều, ghé aoec.vn học là biết. Web free ngại gì không thử",,2021-03-11 13:50:04
calonsultandubai,"Gua yang selalu bilang itu Na cha, karena di film Sun Go Kong mereka nyebutnga Na Cha ",,2021-04-18 05:19:37
nasipadang2bungkus43,atau disebut Tatung,,2021-01-27 09:38:50
case_093,sun gokong ngab,,2021-03-14 23:13:03
mhmmdrizzqii,untung ane tau tentang nezha dari film nya,,2021-01-28 05:02:12
shahrul220492, nacha kalau di kerasakti,,2021-03-06 11:47:46
donnafindy,aku suka nonton yt nya,,2021-03-15 06:31:41
henclll,ada film nya tau namanya nezha,,2021-03-15 18:23:44
nanalx30,akhirnya ada yang jelasin,,2021-01-28 06:18:05
earthbender01,"Salam toleransi dari gw yg Natalan,, ",,2021-03-31 06:29:59
urbbyjane1,ku pas kecil ad di kasih minum susu gitu,,2021-05-09 16:14:02
tinakitty16,Ank dwi kwain im ya kalau di film kera sakti kalau gk slh hehe,,2021-03-16 12:05:06
rifanmulyadi,naca?,,2021-01-20 04:39:23
juwiaprilliafani,nacha ,,2021-04-08 03:51:08
selplopelope,"Mak gw bisa di masuki juga tapi dia lebih tepatnya check Google""8dewa menyebrangi sungai' tapi dia pernah dimasuki nacha dan aku sempat disuruh main-",,2021-01-21 09:54:32
meireinie,naca,,2021-01-28 09:18:37
jessikaangel14,pengen ceritain Naca donk ko...dulu ada film nya sampai sekarang suka banget sama Naca..naca itu dewa atau apakah...Vidio sama karakternya,,2021-01-28 09:49:30
diddykurniawanjjjmmm,ccd,,2021-02-13 04:30:22
imusmch_,lebaran,,2021-03-08 05:01:47
jouliejoker,Cerdas abang ini dan sopan gw suka ,,2021-02-07 16:56:42
oinkoink0505,"kayak film nya itu loh
aku lupa",,2021-01-28 12:40:37
denmasbarock,"ini budaya yg keren kakak, salut dg toleransi kakak",,2021-01-24 02:23:39
oinkoink0505,suka main api,,2021-01-28 12:40:57
aditiapin,ini kayak kartun nacha bisanya gak sih,,2021-03-17 05:19:17
marshadevina7,nacha??,,2021-03-21 09:18:27
cocodicici,"Dulu pernah ada filmnya yang Nacha gitu, anak kecil yg suka bantu tumpas kejahatan. Eh itu bukan sih? Apa beda ",,2021-01-20 08:23:15
thienngo6666,what's is this,,2022-02-08 05:05:36
thailandahikahikahik86,film nezha,,2021-01-28 07:02:54
panggilelangaja,jangan tanya gw karna gw lebaran,,2021-01-20 13:02:28
angeliatdk,ini ada flimnya,,2021-03-31 07:05:29
julius_leonardo,Ooh nesha baca nya neja,,2021-01-28 06:12:01
axellynzulaikhasukardi,pengetahuan ,,2021-01-28 05:55:24
mune752,"kartunnya "" Nacha ""  yang biasa aku nonton pas kecil ",,2021-01-20 14:59:06
lilyvalleygirl,"bagi yg pernah ntn film kera sakti dan tau nacha, nah ini lah yg di maksud.",,2021-03-06 16:53:53
deckysteven69,.... salam toleransi ,,2021-01-27 10:34:14
d4pennn,film nya Nezha:),,2021-01-28 04:41:19
donclaire_,kaya Hero di game 7Knight  yang naik ring api di kakinya,,2021-01-28 04:23:23
calonsultandubai,"Gua yang selalu bilang itu Na cha, karena di film Sun Go Kong mereka nyebutnga Na Cha ",,2021-04-18 05:19:37
khienzin_cindo,ow berarti kaya thonghoa sejenis tatung,,2021-01-28 03:48:10
indrasetyawan385,bang lu orang singkawang?,,2021-01-28 03:46:44
naottokehelpme,ne zhā itu ada filmnya kannn animasi gitu,,2021-01-28 16:48:18
nasipadang2bungkus43,atau disebut Tatung,,2021-01-27 09:38:50
__ruangkosong_,"gue bengek pas denger *jangan tanya gue, karena gue lebaran*",,2021-01-28 02:47:15
asekkkkkresek,naca,,2021-03-21 11:47:07
doesnthaveuserid,kalo di ponti x skw nyebutnye tatonggg,,2021-01-28 23:57:42
qusy19h,ne zha ️️,,2021-01-27 20:58:38
cobrakai73728,itu gambar nezha,,2021-01-27 16:51:08
kiranachae,gw Indonesia Aku islam,,2021-01-27 10:59:30
iyangpictures,boleh ga ngab..selesai meja..beri salam.. assalamualaikum,,2021-01-29 17:12:17
shahrul220492, nacha kalau di kerasakti,,2021-03-06 11:47:46
earthbender01,"Salam toleransi dari gw yg Natalan,, ",,2021-03-31 06:29:59
urbbyjane1,ku pas kecil ad di kasih minum susu gitu,,2021-05-09 16:14:02
garangankepet,sak karepe kono,,2021-01-27 06:05:50
jenk_dutt_semarang,naca,,2021-03-06 03:01:54
victor_larioh,na cha,,2021-01-27 02:44:24
mocca_exxo,Nacha,,2021-01-27 01:57:45
grcajn32,"Paman ku pernah di rasuki dewa anak kecil ,paman gua minta susu ,Yupi ,Hehehe",,2021-07-23 06:30:54
juwiaprilliafani,nacha ,,2021-04-08 03:51:08
daunitanami,Nacha ini dulu suka nonton animasinya ,,2021-01-26 17:46:44
r3m_8,"klo max bet,kenan naca di higgsdomino dapat 9B",,2021-01-26 17:27:25
nurnubuahzahra,"seketika keinget ama movie animasinya, keren bat sih animasinya.",,2021-01-30 09:44:55
elfrinkurniawan1902,fiksi,,2021-01-26 14:13:36
whyouk,"Ne zha,Bnyk versinya g,Koh?",,2021-01-26 12:30:56
aaprealyantoasm,Nezha hero api favorit gamers nih damage nya warbyasa ,,2021-01-26 09:34:18
selplopelope,"Mak gw bisa di masuki juga tapi dia lebih tepatnya check Google""8dewa menyebrangi sungai' tapi dia pernah dimasuki nacha dan aku sempat disuruh main-",,2021-01-21 09:54:32
thienngo6666,what's is this,,2022-02-08 05:05:36
angeliatdk,ini ada flimnya,,2021-03-31 07:05:29
akambada266,ada yg tau gk judul sound nya apa?,,2021-03-03 18:07:08
1709file,Maaf bg gw pikir lu non ,,2021-03-21 17:02:39
davinafaldyy,tante aku temannya itu dewa harimau,,2021-01-26 03:01:13
davinafaldyy,aku orang china aku tau itu nama nya nacia bukan neja,,2021-01-26 03:00:38
buddythan,"Saling menghormati kepercayaan orang lain aja... Indonesia keberagaman suku, ras dan bahasa...",,2021-03-03 15:17:34
xyb032,iya kaya Kaka gue ,,2021-02-01 01:21:30
lilyvalleygirl,"bagi yg pernah ntn film kera sakti dan tau nacha, nah ini lah yg di maksud.",,2021-03-06 16:53:53
hanna2322.18,"Dan yg di jadin medium itu bukan sembarangan orang, pas dia udah fokus dan dewa udah masuk dia bakalan bertingkah seperti dewa itu, gitu sih crtanya",,2021-01-26 00:16:45
akxsnwndkw,"maksud dari diberikan gelar ""putra mahkota bunga teratai ke tiga""itu apa ya kurang jelas ",,2021-01-25 19:40:17
setya1107,naca,,2021-03-21 19:30:25
handihewlla,Neca itu kayal yg ada film nya Naca itu bukan sih? Yg anak sakti itu ,,2021-01-25 17:10:07
sikamakan,"ngab, digambar ilustrasi kakek tua( cowok) tpi kok mediasinya cewek?",,2021-03-01 03:53:40
clusterdream,"woi koh, gw pernah liat di tiktok ada yg bilang... ""kenapa dia gapernah liat chinese hamil?""... bisa jelasin?",,2021-01-25 16:32:45
stabilo.ijo,gua Buddha bang,,2021-02-01 01:25:59
deckysteven69,.... salam toleransi ,,2021-01-27 10:34:14
calonsultandubai,"Gua yang selalu bilang itu Na cha, karena di film Sun Go Kong mereka nyebutnga Na Cha ",,2021-04-18 05:19:37
lutush22,Naca,,2021-01-25 14:49:28
nevertrustpeople69,Jdi inget boboho,,2021-01-25 14:19:02
yulizadhita,naca kayak di film sunbukong,,2021-01-25 13:44:47
ilopdango,jadi kangen ama filmnya :),,2021-01-25 13:35:07
sallynpoenya,oooo Ne ja itu NACHA yaa kakk??? taunya ituu ,,2021-01-25 10:44:31
chaherhercha,Sama gak sih sama nacha?,,2021-04-11 15:40:10
nasipadang2bungkus43,atau disebut Tatung,,2021-01-27 09:38:50
mega_wchan,Tatung,,2021-01-25 05:38:50
imaqilahyasmin,ne zha,,2021-01-25 05:30:45
farhan_frhn,~~,,2021-01-25 05:09:30
maria25priscilla,"Ehh ada film katun nya lohh, judulnya Ne Zha kalo gak salah",,2021-01-25 05:03:53
apanseee,kayaknya perna di kera sakti ad ne cha,,2021-02-01 16:27:59
sigemoy.random,Fix aku ngerti skrg @onieajahh ,,2021-01-25 01:28:28
najmanajwa.twins78,"jangan tnya gw, karena gw lebaran ",,2021-03-22 07:31:24
shahrul220492, nacha kalau di kerasakti,,2021-03-06 11:47:46
earthbender01,"Salam toleransi dari gw yg Natalan,, ",,2021-03-31 06:29:59
barenkarnasi,gw pernah diberitahu utk hati2 bawa motor  oleh Dewa Neca ini (pas imlek) sementara gw ga kenal sama Medium orang yg masuk Dewa ini. Amazing,,2021-02-27 13:44:10
bejohariyanto,hee adaa kartunnya ya ituu,,2021-01-24 17:10:30
young_zouuf,,,2021-01-24 16:17:33
bonna_boo,naca buakn sih. hehe,,2021-01-24 12:23:44
gifvi_cute,kak kenapa tidak ada yang kemasukan pwainpusat ya kak,,2021-01-24 08:38:04
cocozuzuzu,tatuuuuunnnggg,,2021-03-22 09:22:56
urbbyjane1,ku pas kecil ad di kasih minum susu gitu,,2021-05-09 16:14:02
handihalim,tuh laki apa prempuan,,2021-02-01 17:13:33
jozheming,Nezha / Lo Tjia Sam Tay Cu / Tiong Tan Goan Swee 中壇元帥,,2021-01-24 06:10:22
kuchikibyakuya25,oooo...baru tau gua bang...⚘⚘,,2021-02-07 02:22:19
redeyes267,nacha mungkin ya yang pernah ada filmnya itu kan,,2021-01-24 05:08:35
orangndalem000,ada cartoonnya! nnton di tiktok jugaa lupa nama akunnya..,,2021-01-24 05:07:39
saifulrizqi1,apa apalah untuk Congfucius,,2021-02-17 06:52:59
mikimihelagi,hoo ada nih jadi hero di lost saga,,2021-02-01 17:15:01
juwiaprilliafani,nacha ,,2021-04-08 03:51:08
selplopelope,"Mak gw bisa di masuki juga tapi dia lebih tepatnya check Google""8dewa menyebrangi sungai' tapi dia pernah dimasuki nacha dan aku sempat disuruh main-",,2021-01-21 09:54:32
cocodicici,"Dulu pernah ada filmnya yang Nacha gitu, anak kecil yg suka bantu tumpas kejahatan. Eh itu bukan sih? Apa beda ",,2021-01-20 08:23:15
thienngo6666,what's is this,,2022-02-08 05:05:36
martenetram,naca,,2021-01-24 03:39:56
jibranjalu,film necha,,2021-01-24 02:51:49
jeromepolin9,Karena gua lebaran ,,2021-03-23 02:21:19
angeliatdk,ini ada flimnya,,2021-03-31 07:05:29
yura_nime,"Nacha, ku taunya dari film kera sakti yg suka berantem sama Gokong ",,2021-01-24 02:04:00
id.putryyyy,aqu prcaya karna kakek qu orang chainess,,2021-02-12 19:10:01
syithrifting.id,"gua ngakak bgt "" jngan tanya gua soalnya gua lebaran """,,2021-01-24 01:59:11
inesaisabella86,"sepanjang video gw cuman fokus di gambar nacha, kartun jaman kecil ",,2021-01-24 01:57:52
dean_kwee,nacha atau lotjia,,2021-01-24 01:51:10
piring_pecah1,makasih ya kak....saya ngak penasaran lagi ☺️,,2021-01-24 01:26:42
vetmia.id,"Pernah nonton animasinya Nezha, keren :>",,2021-02-03 10:39:52
lilyvalleygirl,"bagi yg pernah ntn film kera sakti dan tau nacha, nah ini lah yg di maksud.",,2021-03-06 16:53:53
deckysteven69,.... salam toleransi ,,2021-01-27 10:34:14
nobody.rhc,pntes ada film animasi nya,,2021-01-24 00:42:43
malaviolah,"ko suka. bgt lihat ginian ki, di YouTube",,2021-01-24 00:41:25
yourgirl__058,Singkawang banyak,,2021-04-12 05:01:57
narashima77,anak kecil nya namanya neza,,2021-01-24 00:24:22
apunktrex,gw ngebayangin xiangling,,2021-01-24 00:22:02
05082005g,lagunya pakai lagu apa ini kok enak lagunya,,2021-02-04 04:23:07
calonsultandubai,"Gua yang selalu bilang itu Na cha, karena di film Sun Go Kong mereka nyebutnga Na Cha ",,2021-04-18 05:19:37
ferdilie92,"glar dewa na zha ini ad jg glarnya zhong tan yuan shuai/tiong tua guan sue, dll",,2021-01-23 23:32:36
ferdilie92,"klau mnurut bahasa mandarin namany na zha san tai zi, klau mnurut alek bahasa hokkian menjadi lo cia sam tai cu",,2021-01-23 23:31:57
vinzz9007,Abang orang Kalimantan barat ya,,2021-03-25 12:34:21
leontinlr,,,2021-01-23 18:27:49
arieswoman30,wkwkwk jangan tau gua,,2021-02-04 16:24:28
sayau_ruby,kak mohon jelasin maksud lagu dia pakek?kerna gue suka skali dgrin from Malaysia,,2021-01-23 17:26:01
acelbadak,maaf gua kira ngeledek,,2021-02-05 03:32:15
nasipadang2bungkus43,atau disebut Tatung,,2021-01-27 09:38:50
shahrul220492, nacha kalau di kerasakti,,2021-03-06 11:47:46
garet1990,ohh yg film naca dlu itu yah,,2021-01-23 16:16:17
ikadany,baru aku taw ..oh gitu,,2021-01-23 15:58:40
imfrontman,na cha itu bocah ajaib lahir ke dewasa sangat cepat makanya ada banyak interpretasi,,2021-01-23 15:47:03
tampakbulu,ასტაგფირულაჰ ჰალაზიმი,,2021-01-23 11:17:46
yuu_naa_1026,ku kira tadi dia lagi ulang tahun terus ga ada yang Dateng jadi ngerayaiin sendiri maap,,2021-01-23 11:09:04
sitinurhaliza724,kaka orang islam ap gimana sih bingung gw?,,2021-03-26 08:18:24
earthbender01,"Salam toleransi dari gw yg Natalan,, ",,2021-03-31 06:29:59
nasigoreng890,Kl di film sungokong (journey to the west) versi indonesia dibilangnya “nacha” ingetnya itu sih.figurnya anak2 di film. ,,2021-01-23 05:06:13
dreamwalket,"Awalnya ngira fyp horror, jadi ekspresi gw : ",,2021-03-26 08:32:36
ferden92,model ceweknya cakep,,2021-02-05 06:50:26
zzzzidann,namanya siapa? (kecepetan),,2021-01-23 04:06:21
hozier24.7,"Siapa nih yang pernah nonton ""Nezha"" di Bioskop✋",,2021-01-23 04:05:25
d.triky18,,,2021-03-26 08:56:18
user1822703469,"halo ko mau tanya untuk tugas nih, ne zha ini termasuk tradisi bukan? kalau iya tiap kapan ya dilakukannya? thank u ko~",,2022-05-14 10:54:43
urbbyjane1,ku pas kecil ad di kasih minum susu gitu,,2021-05-09 16:14:02
juwiaprilliafani,nacha ,,2021-04-08 03:51:08
catastropheec,ne zhaaa wkwkwk tontonan waktu kecil nih kartunnya,,2021-01-23 02:17:38
selplopelope,"Mak gw bisa di masuki juga tapi dia lebih tepatnya check Google""8dewa menyebrangi sungai' tapi dia pernah dimasuki nacha dan aku sempat disuruh main-",,2021-01-21 09:54:32
lisaanf25,lebaran bang. bengek parahhh,,2021-01-23 02:12:26
nopia.26,film kesukaanku krtunny,,2021-01-23 01:48:21
martinuswijaya10,aku udah cari asal usul dan aku orang chinese,,2021-02-05 13:22:15
flo_chny,tau kaka,,2021-02-05 14:28:12
gigigemingn.a,beruntung aku ya,,2021-03-26 09:38:48
deckysteven69,.... salam toleransi ,,2021-01-27 10:34:14
verafebiola0,neca buka neja,,2021-01-22 22:35:21
taufikbudiardi,"Dewa emas atau uang ada ga?
Kan bisa di mintai langsung kalo lagi dirasuki
",,2021-01-22 22:05:39
karisafanika12,ngiauleaaa,,2021-02-05 15:30:32
hny_picture,nacha,,2021-01-22 20:31:13
raysamonadia,"ada film nya jg ngab judul ny nezha,",,2021-01-22 18:55:40
bestmoment1420,"@chinese_server aku mau lagu nya, cari di YouTube judulnya apa ya ? yg versi anak2",,2021-01-22 18:04:17
yusanramahdana,"juga ada film nya gue barusan nonton,",,2021-02-05 15:44:41
calonsultandubai,"Gua yang selalu bilang itu Na cha, karena di film Sun Go Kong mereka nyebutnga Na Cha ",,2021-04-18 05:19:37
nasipadang2bungkus43,atau disebut Tatung,,2021-01-27 09:38:50
destiarisandy,humorku sebatas lebaran,,2021-01-22 16:00:44
cmrdwie,gw juga suka nonton kartunny judulny ne zha nggk slh,,2021-01-22 15:21:59
fanisya_zpt,untung gw udh nonton kartunnya full,,2021-01-22 15:15:04
rexxaliaraa_william,Mon maap kok make empeng,,2021-01-22 13:49:53
nickylee70,"kalo ngempeng bukan naca lah, tapi ni pok shin",,2021-03-26 11:51:48
shahrul220492, nacha kalau di kerasakti,,2021-03-06 11:47:46
zaskiaputri._,filemnya seru woy asli,,2021-01-22 11:51:24
pinangbiak,salam toleransi ,,2021-01-22 11:37:30
desty_mw,"jujur gw suka bgt lihat chinese pakek bju merah2 gini, indah klhtn ny
lampion2ny juga
tp gw g suka asap dupa
krn gw gbs hrup asap",,2021-01-20 18:45:57
yaniphone,setuju kiyta harus mnghrmati.,,2021-01-22 10:54:13
rarachung,btul..saling menghormati...its a new information for me also.,,2021-02-09 06:14:28
obehakombik,•-•,,2021-01-22 04:43:16
semutelektronik,karena gw lebaran ,,2021-01-21 09:35:40
earthbender01,"Salam toleransi dari gw yg Natalan,, ",,2021-03-31 06:29:59
urbbyjane1,ku pas kecil ad di kasih minum susu gitu,,2021-05-09 16:14:02
yoellyhaliem,Nacha ya..? Yg dlu ada pilem nya anak kecil sakti bgt..,,2021-01-21 15:14:43
glitch333trap,阿库 苏卡,,2021-01-21 15:08:33
juwiaprilliafani,nacha ,,2021-04-08 03:51:08
sahabatsejati513,misi ci panci pancai,,2021-02-12 09:36:15
hayoosiapaa_10,"Gua kira lu agama lain  ternyata lu lebaran  kaget pas lu bilang ""Karna gua lebaran"" ",,2021-01-20 07:42:43
ryan.raja.tiktok,"yg masuk sih bukan dewa taunya salah masuk malah demit yg. masuk
canda canda salam toleransi",,2021-02-14 16:46:28
kopio11,cewek berbaju merah itu sudah berpunya gk bang?aku minat sih,,2021-01-19 20:05:31
spot_id,"gw tau dari seven knight,jd dia bawa ring besar gt,trus dia bisa ngendaliin air dan api",,2021-03-21 16:30:39
aurraahh,Ne zha itu yg di film itu bukan si?,,2021-01-28 08:29:57
cihuoyy,gw yg yg tau gara gara film :),,2021-03-04 02:47:29
tambak283,Yah toleransi. itu keyakinan mereka. jangan di caci di banding bandingin dgn keyakinan kita.,,2021-04-01 07:51:34
ringgosetiawan,"sip, w setuju sama ucapan terakhir lo.....",,2021-04-01 07:37:18
pentolgoreng308,@jejeeen__ len lu kapan gitu???,,2021-02-12 04:53:16
risol0_,"wahh ini benar"" nyata yahh kirain cuma animasi doang dong.berarti yg putih itu juga ada...sama kartun""fantasi cina lainnya?keren bgt sih",,2021-01-21 08:32:46
buahkonflik97,ohhhh jdi film naca si bocah kecil sakti itu terisnpirasi dari dewa ini,,2021-01-21 03:00:58
hazelnut870,gua suka minta permen nya ,,2021-03-28 06:41:05
eneruu0,"Tanya Tanya
Dewa Dewa bagi RRC itu sama gak dengan TUHAN secara/dengan persepsi kita?",,2021-01-20 18:47:01
fghjk_20,film nya juga keren,,2021-03-28 03:26:37
gabriellaatmaandara,dewa Nacha,,2021-03-27 19:07:58
gabriellaatmaandara,dewa Nacha,,2021-03-27 19:07:58
simutr28,@syahnatasyaa,,2021-01-24 19:08:51
ca_ca68,@marvithabutarbuta @charinaerndihawa,,2021-01-19 06:36:55
esyaaaw,@rina080707 @lusianasafara39 @dmialekk @taucape,,2021-01-24 21:31:18
papiporay,@itbbar,,2021-02-09 14:22:21
omiiae,@peciintacogan,,2021-01-22 07:11:49
bro_what_u_want,@kr_ml199,,2021-08-13 09:31:59
ayrasfeaaa,@hadifdanialll,,2021-01-20 19:12:42
babycat98,@shaniacantikkk,,2021-01-20 18:11:26
subwayetfresh,like baby ,,2022-07-30 21:43:43
zeed1200,Fake buddha,,2021-11-12 10:11:19
ronslv,"bapak temen gw sering ni, bnran kerasukan dewa gtu jir trs bisa baca nasib juga, gw langganan :”v",,2021-01-28 07:54:23
akabane_aliya,"tunggu ada nama film nezha itu tapi kayak cewek gak kayak cowok, dan gw binggung itu si keturunan naga yang rambut panjang itu cewek atau cowok",,2021-04-18 08:32:18
pindahan_bye,biang dari kepopuleran rendy,,2022-06-24 09:38:50
potterxyy,":████████▀▀▀████
████████────▀██
████████──█▄──█
███▀▀▀██──█████
█▀──▄▄██──█████
█──█████──█████
█▄──▀▀▀──▄█████
███▄▄▄▄▄███████",,2021-02-09 05:43:11
alfiyatussalamah11,keinget film sungokong yang itu anaknya kebo genit kn jadi dewa itu ya,,2021-03-26 16:07:36
iamsaved42,"JESUS IS THE WAY THE TRUTH AND THE LIFE NO ONE GOES TO THE FATHER EXCEPT THROUGH ME JESUS SAID,NO FORCING NO PUSHING NO BRAINWASH AND RESPECT",,2021-06-26 10:53:55
david102770,"gw agama Konghucu tinggal di Singkawang udah sering lihat pass Imlek dan ulang tahun dewa,dewi",,2021-01-28 07:58:44
tipen1702,ko saya mau tnaya kalau kita nikah sama beda agama menurut Ajaran agama Buddha apa itu boleh?,,2021-02-28 04:02:19
ekalazana11,yang penting saling menghormati walau agama berbeda,,2021-01-24 05:05:34
surielfrdabenetahuwae,ka itu agama apa ka,,2021-01-24 02:03:02
puuryrahayu,kya naca ya kak,,2021-01-23 19:36:24
wewe_gembel_anak_geblekk,gw agama buddha tapi gw kok gatau ,,2021-03-29 09:01:44
yenihendratmo,keren kata2 terkhirnyabanyak orang gak paham adat istiadat atau ritual agama lain terus menghina,,2021-01-23 03:11:54
31805309561,kan gua islam eh psekeluarga ku malah pakai baju yang warna nya merah ada gambar naga nya tapi bukan berarti pindah agama katanya bagus ,,2021-02-10 06:05:31
doni_prasetio,kamu lebaran? Islam dong,,2021-02-09 08:39:26
kaindra19,Keluarga ku jg ad bis jad medium n ad punya klenteng. Ini hrus berjodoh n ditunjuk sama dewa. G bis sembarangan,,2021-01-25 17:01:09
dinaaaa1103,aku agama islam,,2021-02-05 18:51:55
satanictakutsetan,"https://vt.tiktok.com/ZSJrHpbcF/
Dino merah mulai aktif ya bund!!",,2021-04-12 13:19:11
kaiping_,"Mirip² sama dukun di korea dong, pernah liat mereka pas ngeramal itu mereka kaya dirasuki dewa dewi",,2021-07-24 23:47:52
apanseee,Ini itu agama konghucu,,2021-02-01 16:29:58
just.ieychaa,https://vt.tiktok.com/ZSJrMN19C/ baru tau,,2021-04-11 09:37:38
tzuyutwice917,Wkwk Necha dong bacanya gw kira nezha ,,2021-04-11 07:53:49
edwanmohede8,"maaf bro, boleh saya tau keyakinan atau kepercayaan (agama) anda apa ya? terima kasih ",,2021-01-28 06:13:53
siennanuriyahayfa,"ko, tlong bahas soal chengbeng dong  mertua gw mualaf tpi setiap chengbeng pasti sllu ikut tiap tahun. ngga pernah absen",,2021-01-27 04:03:49
salparako,"bos
apa bedanya agama budha samo konghuchu?",,2021-01-26 03:40:37
hopdoo,bang bahas tentang muslim dong sekali kali,,2021-01-26 02:14:37
ramaaa_07987,"Apakah Tuhan Bisa Menciptakan Tuhan ?
!! Saya Percaya Tuhan Itu Ada !!",,2021-03-08 06:04:19
depa_ng,kita bacain ayat kursi broo,,2021-02-09 04:57:13
revalperez,masih inget?,,2024-04-15 02:41:09
adislim111,itu baca,,2024-01-01 05:54:27
muundlor193,buda.itukan pelo,,2022-07-26 07:06:00
adislim111,itu naca,,2024-01-01 05:54:33
iwuk2,humor gw jangan tanya gw ge lebran  tapi muka lu nggak lebran ngab,,2021-03-28 07:52:00
lovelyfune,paling suka yg monyet,,2021-01-21 02:22:34
abow07,我命由我不由天,,2023-06-07 11:32:35
asd4374,他從未想過傷害任何人,,2023-06-07 13:05:29
user6117097033480,我看好多遍了...看一次哭一次,,2023-06-10 05:17:40
kerry4434,這部看了好幾次了,,2023-06-06 22:29:54
jacky69696987,"這齣我看過
很好看
內容很深…",,2023-06-08 12:52:28
chuan5191,好看.不知不觉已经过了好几年了,,2023-06-08 02:11:26
jerry04223,這齣超好看,,2023-06-11 09:29:00
eexuan172,求歌名,,2023-06-09 11:16:03
q_x.12,在生日那天知道自己的身世被好友背叛親人隱瞞所有人都不喜歡自己看了真的好揪心,,2023-06-08 14:49:47
loveboss768,這部拍的真好，極品,,2023-06-07 04:52:07
7c2ho2u07,看過,,2023-06-10 04:00:49
tigersisjk,哪一集,,2023-06-07 15:01:51
sir8joker,@₊冉姊‧໒꒱༝⁺ 哭了,,2023-06-06 22:46:04
ali9m01,是什麼歌 好好聽喔,,2023-06-07 05:51:46
userlztujw8vpl,看的時候哭了,,2023-07-02 07:57:42
user5127585610381,看了 莫名的難過,,2023-06-08 21:03:07
luckytarot22,這部真的很好看,,2023-06-23 11:50:25
girlmandieeily,超好看 當時跟老公一起邊看邊哭,,2023-06-08 05:11:49
useripj4b6m3e9,,,2023-06-06 15:46:56
musjavequhq,,,2023-06-07 22:50:25
dy3x43tztw59,片名叫甚麼,,2023-06-09 11:59:36
ynn._.okc,這部超好看,,2023-06-23 02:14:55
userlp1euo8q60,名字.,,2023-06-10 01:35:23
aaaan80,這部超級好看,,2023-06-23 06:07:29
0308chen,求背景音樂？,,2023-06-06 10:28:19
tmd8250,這出2了嗎,,2023-06-07 16:26:34
a06245,求歌名,,2023-06-22 17:53:01
yu0827_ai_bl,這部超感人，超推！,,2023-06-07 15:13:12
ryuz101,我直接去電影院看了3變,,2023-06-10 04:22:20
user75936617952180,我自己的命自己扛，這句帥爆,,2023-06-09 02:02:58
syqi850099,老天，就算你在大，大家的命也不由你！为什么说走就走啊你父母得有多伤心,,2023-06-10 17:57:15
dyeqiql78kz9,"國小老師給我們看這部
看完我自己在家又看了13次左右",,2023-06-07 13:51:30
a8755699,這個看到最後真的會哭,,2023-06-06 19:13:45
418831464qqcom,,,2023-06-06 18:56:33
7kxzun_,看了好幾次 每次看每次哭,,2023-06-09 04:35:44
user579827900443,嗯......他不是本來就是魔嗎？,,2023-06-10 11:52:44
pro_hamburger,太平洋哪吒，你是我最好的朋友,,2023-06-07 22:54:45
user4516837659746,魔跟仙誰說魔一定是壞的，又有誰說仙是好的？,,2023-06-10 08:47:54
blubluder,要確內 動畫,,2023-06-10 06:18:08
userleh2rtqv0l,黑臉是這段,,2023-06-07 10:17:40
doublehandsome,難得的一部好動畫,,2023-06-23 01:32:29
user0n2ejt7z4e,我知道控火術跟乾坤圈的咒語,,2023-06-07 05:12:24
30917450009,"最可悲的是，人族生為魔也能逆天改命。而妖族，機關算盡，也無力回天。
而這，才是真正的命。",,2023-06-22 18:41:35
userfqp3m1qxi41,我命由我吧由天是魔是仙我自己說的才算,,2023-06-09 07:38:55
gshock0519,哪吒個性多半隨他娘,,2023-06-22 13:22:49
user92jos3ewuy,十天後你還活著嗎,,2023-06-30 15:35:58
blubluder,要確內 動畫,,2023-06-10 06:18:08
userleh2rtqv0l,黑臉是這段,,2023-06-07 10:17:40
doublehandsome,難得的一部好動畫,,2023-06-23 01:32:29
user0n2ejt7z4e,我知道控火術跟乾坤圈的咒語,,2023-06-07 05:12:24
30917450009,"最可悲的是，人族生為魔也能逆天改命。而妖族，機關算盡，也無力回天。
而這，才是真正的命。",,2023-06-22 18:41:35
userfqp3m1qxi41,我命由我吧由天是魔是仙我自己說的才算,,2023-06-09 07:38:55
gshock0519,哪吒個性多半隨他娘,,2023-06-22 13:22:49
user7bkz47d9re,所以說天神是好的嗎？我倒不認為，反而魔才是我眼中的好，不是嗎？,,2023-06-09 04:49:08
bryannah2023,How did that not hurt,,2023-08-08 19:57:07
jenevere_._,Movie: Kid Nezha,,2023-06-19 06:41:18
user5322736543344,I'm so sad of the kid,,2023-08-20 06:31:00
shafakuromi_110,"""huh?"" SOOO cutee",,2023-06-27 12:23:57
angiee_belle,he's just a baby ,,2024-03-19 09:09:20
bxxm.bzn,This movie is so sad it made me cry ,,2024-03-05 22:20:41
nqlql,What is this movie called?,,2023-04-16 19:13:43
pixiethyst,BABY NE ZHA IS SUCH A CUTIE PATOOTIE,,2023-09-20 13:50:14
oo8n2,GEAR... FOURTHHHH,,2023-07-31 13:02:17
wakapyk,IS SOOO CUTE,,2023-07-31 08:58:10
bakit_pag_sakin_unfair,why he bite her,,2024-03-11 09:01:55
_.itspreppytime._,That one Roblox bundle,,2024-02-14 01:46:21
jeannelyn572,what is the Title,,2023-08-19 08:53:16
defbug,"Damn, as a baby, he's a cute human beast!",,2024-01-27 14:40:33
_itz_nix,super saiyan boyy,,2023-08-27 18:19:28
zack.vs16,name movie,,2023-10-15 04:01:17
the_qui3t_kid_,This movie is so underrated bruh,,2024-04-03 22:37:41
ogwuchepeace,please where can i watch it,,2024-03-21 20:49:47
catalinguzun,anime on netlix?,,2023-09-08 15:36:25
yassif.id,What year is this ??,,2024-01-27 02:13:07
rebeccayaguaracu8,where can l see it,,2024-04-05 19:37:36
tokito.muichiro0583,Soy yo pero cuando la madre se cae parce como a la de Frozen,,2023-12-27 02:53:15
snndbdhsjsk,"sedihhh,, gabisa bahasa inggris",,2024-04-13 04:20:06
cupcake_mai,@bian_ download o iki mbk li,,2024-03-27 23:17:15
sfw_me28,nezah,,2023-05-25 19:27:19
user14526984956021,얼음 고른 아이는 개 잘생겼는뎅...,,2024-03-27 11:08:13
ncaroline00,Onde tem pra ver ?,,2024-03-26 19:59:53
gojosaturu445,,,2023-08-30 12:10:01
rhonalhynn25,sabi naman po yung bata,,2024-01-10 12:18:34
ernasari6306,Ceritanya kaya samiri gk sih,,2024-04-24 12:53:57
yore_2000,Wait A BABY WITH TEETH,,2024-03-20 18:44:24
ccafton_30,just watched the move with my friend love the move and the other one,,2024-04-27 19:53:40
bishop.lyles,how he Bron with teeth,,2024-03-27 19:15:50
sharkpuppet349,I didn’t remember Chinese or Japanese,,2023-12-28 20:40:08
xmasxx11,,,2024-04-12 13:46:11
christinejoypalme5,,,2024-03-29 07:35:02
jhustine.rodrigo6,,,2024-03-28 01:51:03
k111523,,,2024-04-12 01:57:05
sharkpuppet349,,,2023-12-28 20:39:47
ananmadagmosalvar,,,2024-04-23 09:43:03
technoblade703,on what is it hbo or netflix or what,,2024-03-29 16:12:16
susiria.hulu,,,2024-04-23 00:03:33
paolaricra7,@Pao❤️‍,,2024-03-26 22:02:49
yaallah._4,Vi,,2024-03-26 19:41:02
htun.on,,,2024-04-19 13:19:04
susiria.hulu,,,2024-04-18 11:54:57
zainabrika7,,,2024-03-03 06:25:50
aekzhie,[angel],,2024-04-08 13:37:45
zainabrika7,,,2024-03-03 06:25:50
tylerporter.r,,,2024-03-24 01:32:54
vemlessss,,,2024-03-31 17:35:54
aekzhie,[angel],,2024-04-08 13:37:45
user2048159163999,ออออออออ,,2024-04-09 01:01:05
vicious_nebula,hanzo??,,2024-03-21 11:01:17
ritniidhamchaliks,wat,,2024-03-06 05:22:12
roza_malaysian,bro bite her mama,,2024-02-23 14:39:11
sw_arts,Monkey King (2023): Hmm I never seën nezha in my movie so we will have to wait for that when ther.....,,2024-03-13 23:39:51
sharkpuppet349,We only do Español,,2023-12-28 20:40:23
kubaska001,bro has eyeliner ,,2024-03-27 16:54:34
harmony_begay,,,2024-02-25 04:29:40
cassandraarnuelo5,nknko,,2023-07-17 09:47:19
taisidauzlw,этого ребенка нужно наказать. он ведь до крови укусил мать ,,2024-02-16 16:16:38
